{
  "dataset_revision": "dbe0a6befdfce448982392bd461ac5d16485e99e",
  "task_name": "NanoBEIRNepaliRetrieval.v5",
  "mteb_version": "2.18.3",
  "scores": {
    "test": [
      {
        "ndcg_at_1": 0.12,
        "ndcg_at_3": 0.26833,
        "ndcg_at_10": 0.37638,
        "map_at_1": 0.12,
        "map_at_3": 0.23,
        "map_at_10": 0.28169,
        "recall_at_1": 0.12,
        "recall_at_3": 0.38,
        "recall_at_10": 0.68,
        "mrr_at_1": 0.12,
        "mrr_at_3": 0.226667,
        "mrr_at_10": 0.278357,
        "hit_rate_at_1": 0.12,
        "hit_rate_at_3": 0.38,
        "hit_rate_at_10": 0.68,
        "main_score": 0.37638,
        "hf_subset": "arguana",
        "languages": [
          "nep-Deva"
        ],
        "mteb_version": "2.18.3"
      },
      {
        "ndcg_at_1": 0.1,
        "ndcg_at_3": 0.08877,
        "ndcg_at_10": 0.11491,
        "map_at_1": 0.03667,
        "map_at_3": 0.05778,
        "map_at_10": 0.0697,
        "recall_at_1": 0.03667,
        "recall_at_3": 0.09,
        "recall_at_10": 0.149,
        "mrr_at_1": 0.1,
        "mrr_at_3": 0.15,
        "mrr_at_10": 0.1735,
        "hit_rate_at_1": 0.1,
        "hit_rate_at_3": 0.22,
        "hit_rate_at_10": 0.34,
        "main_score": 0.11491,
        "hf_subset": "climatefever",
        "languages": [
          "nep-Deva"
        ],
        "mteb_version": "2.18.3"
      },
      {
        "ndcg_at_1": 0.54,
        "ndcg_at_3": 0.45696,
        "ndcg_at_10": 0.39832,
        "map_at_1": 0.0835,
        "map_at_3": 0.12008,
        "map_at_10": 0.16961,
        "recall_at_1": 0.0835,
        "recall_at_3": 0.13588,
        "recall_at_10": 0.23417,
        "mrr_at_1": 0.54,
        "mrr_at_3": 0.623333,
        "mrr_at_10": 0.654024,
        "hit_rate_at_1": 0.54,
        "hit_rate_at_3": 0.72,
        "hit_rate_at_10": 0.9,
        "main_score": 0.39832,
        "hf_subset": "dbpedia",
        "languages": [
          "nep-Deva"
        ],
        "mteb_version": "2.18.3"
      },
      {
        "ndcg_at_1": 0.54,
        "ndcg_at_3": 0.66837,
        "ndcg_at_10": 0.6833,
        "map_at_1": 0.49667,
        "map_at_3": 0.61833,
        "map_at_10": 0.62583,
        "recall_at_1": 0.49667,
        "recall_at_3": 0.77667,
        "recall_at_10": 0.81667,
        "mrr_at_1": 0.54,
        "mrr_at_3": 0.66,
        "mrr_at_10": 0.6675,
        "hit_rate_at_1": 0.54,
        "hit_rate_at_3": 0.82,
        "hit_rate_at_10": 0.86,
        "main_score": 0.6833,
        "hf_subset": "fever",
        "languages": [
          "nep-Deva"
        ],
        "mteb_version": "2.18.3"
      },
      {
        "ndcg_at_1": 0.18,
        "ndcg_at_3": 0.18193,
        "ndcg_at_10": 0.20167,
        "map_at_1": 0.114,
        "map_at_3": 0.14643,
        "map_at_10": 0.15918,
        "recall_at_1": 0.114,
        "recall_at_3": 0.17886,
        "recall_at_10": 0.24808,
        "mrr_at_1": 0.18,
        "mrr_at_3": 0.22,
        "mrr_at_10": 0.240556,
        "hit_rate_at_1": 0.18,
        "hit_rate_at_3": 0.28,
        "hit_rate_at_10": 0.42,
        "main_score": 0.20167,
        "hf_subset": "fiqa2018",
        "languages": [
          "nep-Deva"
        ],
        "mteb_version": "2.18.3"
      },
      {
        "ndcg_at_1": 0.24,
        "ndcg_at_3": 0.21518,
        "ndcg_at_10": 0.28781,
        "map_at_1": 0.12,
        "map_at_3": 0.16833,
        "map_at_10": 0.2018,
        "recall_at_1": 0.12,
        "recall_at_3": 0.21,
        "recall_at_10": 0.38,
        "mrr_at_1": 0.24,
        "mrr_at_3": 0.316667,
        "mrr_at_10": 0.35827,
        "hit_rate_at_1": 0.24,
        "hit_rate_at_3": 0.4,
        "hit_rate_at_10": 0.66,
        "main_score": 0.28781,
        "hf_subset": "hotpotqa",
        "languages": [
          "nep-Deva"
        ],
        "mteb_version": "2.18.3"
      },
      {
        "ndcg_at_1": 0.16,
        "ndcg_at_3": 0.28571,
        "ndcg_at_10": 0.38804,
        "map_at_1": 0.16,
        "map_at_3": 0.25333,
        "map_at_10": 0.30335,
        "recall_at_1": 0.16,
        "recall_at_3": 0.38,
        "recall_at_10": 0.66,
        "mrr_at_1": 0.16,
        "mrr_at_3": 0.253333,
        "mrr_at_10": 0.303349,
        "hit_rate_at_1": 0.16,
        "hit_rate_at_3": 0.38,
        "hit_rate_at_10": 0.66,
        "main_score": 0.38804,
        "hf_subset": "msmarco",
        "languages": [
          "nep-Deva"
        ],
        "mteb_version": "2.18.3"
      },
      {
        "ndcg_at_1": 0.22,
        "ndcg_at_3": 0.20123,
        "ndcg_at_10": 0.15632,
        "map_at_1": 0.00717,
        "map_at_3": 0.01792,
        "map_at_10": 0.02652,
        "recall_at_1": 0.00717,
        "recall_at_3": 0.02007,
        "recall_at_10": 0.03882,
        "mrr_at_1": 0.22,
        "mrr_at_3": 0.266667,
        "mrr_at_10": 0.288944,
        "hit_rate_at_1": 0.22,
        "hit_rate_at_3": 0.32,
        "hit_rate_at_10": 0.46,
        "main_score": 0.15632,
        "hf_subset": "nfcorpus",
        "languages": [
          "nep-Deva"
        ],
        "mteb_version": "2.18.3"
      },
      {
        "ndcg_at_1": 0.16,
        "ndcg_at_3": 0.19786,
        "ndcg_at_10": 0.28736,
        "map_at_1": 0.15,
        "map_at_3": 0.185,
        "map_at_10": 0.23069,
        "recall_at_1": 0.15,
        "recall_at_3": 0.22,
        "recall_at_10": 0.45,
        "mrr_at_1": 0.16,
        "mrr_at_3": 0.2,
        "mrr_at_10": 0.246802,
        "hit_rate_at_1": 0.16,
        "hit_rate_at_3": 0.24,
        "hit_rate_at_10": 0.48,
        "main_score": 0.28736,
        "hf_subset": "nq",
        "languages": [
          "nep-Deva"
        ],
        "mteb_version": "2.18.3"
      },
      {
        "ndcg_at_1": 0.78,
        "ndcg_at_3": 0.79797,
        "ndcg_at_10": 0.82503,
        "map_at_1": 0.71067,
        "map_at_3": 0.77111,
        "map_at_10": 0.79616,
        "recall_at_1": 0.71067,
        "recall_at_3": 0.808,
        "recall_at_10": 0.872,
        "mrr_at_1": 0.78,
        "mrr_at_3": 0.82,
        "mrr_at_10": 0.825,
        "hit_rate_at_1": 0.78,
        "hit_rate_at_3": 0.88,
        "hit_rate_at_10": 0.9,
        "main_score": 0.82503,
        "hf_subset": "quoraretrieval",
        "languages": [
          "nep-Deva"
        ],
        "mteb_version": "2.18.3"
      },
      {
        "ndcg_at_1": 0.18,
        "ndcg_at_3": 0.1743,
        "ndcg_at_10": 0.18021,
        "map_at_1": 0.037,
        "map_at_3": 0.07733,
        "map_at_10": 0.1034,
        "recall_at_1": 0.037,
        "recall_at_3": 0.103,
        "recall_at_10": 0.194,
        "mrr_at_1": 0.18,
        "mrr_at_3": 0.283333,
        "mrr_at_10": 0.306889,
        "hit_rate_at_1": 0.18,
        "hit_rate_at_3": 0.4,
        "hit_rate_at_10": 0.52,
        "main_score": 0.18021,
        "hf_subset": "scidocs",
        "languages": [
          "nep-Deva"
        ],
        "mteb_version": "2.18.3"
      },
      {
        "ndcg_at_1": 0.24,
        "ndcg_at_3": 0.26446,
        "ndcg_at_10": 0.30413,
        "map_at_1": 0.22,
        "map_at_3": 0.24833,
        "map_at_10": 0.27233,
        "recall_at_1": 0.22,
        "recall_at_3": 0.285,
        "recall_at_10": 0.38,
        "mrr_at_1": 0.24,
        "mrr_at_3": 0.273333,
        "mrr_at_10": 0.291333,
        "hit_rate_at_1": 0.24,
        "hit_rate_at_3": 0.32,
        "hit_rate_at_10": 0.4,
        "main_score": 0.30413,
        "hf_subset": "scifact",
        "languages": [
          "nep-Deva"
        ],
        "mteb_version": "2.18.3"
      },
      {
        "ndcg_at_1": 0.44898,
        "ndcg_at_3": 0.44168,
        "ndcg_at_10": 0.36825,
        "map_at_1": 0.02911,
        "map_at_3": 0.06889,
        "map_at_10": 0.13125,
        "recall_at_1": 0.02911,
        "recall_at_3": 0.09056,
        "recall_at_10": 0.20688,
        "mrr_at_1": 0.44898,
        "mrr_at_3": 0.622449,
        "mrr_at_10": 0.645967,
        "hit_rate_at_1": 0.44898,
        "hit_rate_at_3": 0.85714,
        "hit_rate_at_10": 0.97959,