{
  "dataset_revision": "7e53250964a040dbad2aa11d95855548a7c6717e",
  "task_name": "SanoIRGeneralRetrieval.v2",
  "mteb_version": "2.18.3",
  "scores": {
    "test": [
      {
        "ndcg_at_1": 0.18182,
        "ndcg_at_3": 0.34199,
        "ndcg_at_10": 0.4189,
        "map_at_1": 0.18182,
        "map_at_3": 0.30303,
        "map_at_10": 0.34182,
        "recall_at_1": 0.18182,
        "recall_at_3": 0.45455,
        "recall_at_10": 0.65909,
        "mrr_at_1": 0.181818,
        "mrr_at_3": 0.30303,
        "mrr_at_10": 0.34182,
        "hit_rate_at_1": 0.18182,
        "hit_rate_at_3": 0.45455,
        "hit_rate_at_10": 0.65909,
        "main_score": 0.4189,
        "hf_subset": "agriculture",
        "languages": [
          "nep-Deva",
          "nep-Latn",
          "eng-Latn"
        ],
        "mteb_version": "2.18.3"
      },
      {
        "ndcg_at_1": 0.21951,
        "ndcg_at_3": 0.41579,
        "ndcg_at_10": 0.51619,
        "map_at_1": 0.21951,
        "map_at_3": 0.36585,
        "map_at_10": 0.4164,
        "recall_at_1": 0.21951,
        "recall_at_3": 0.56098,
        "recall_at_10": 0.82927,
        "mrr_at_1": 0.219512,
        "mrr_at_3": 0.365854,
        "mrr_at_10": 0.416396,
        "hit_rate_at_1": 0.21951,
        "hit_rate_at_3": 0.56098,
        "hit_rate_at_10": 0.82927,
        "main_score": 0.51619,
        "hf_subset": "climate-and-environment",
        "languages": [
          "nep-Deva",
          "nep-Latn",
          "eng-Latn"
        ],
        "mteb_version": "2.18.3"
      },
      {
        "ndcg_at_1": 0.31507,
        "ndcg_at_3": 0.55642,
        "ndcg_at_10": 0.62368,
        "map_at_1": 0.31507,
        "map_at_3": 0.49772,
        "map_at_10": 0.53187,
        "recall_at_1": 0.31507,
        "recall_at_3": 0.72603,
        "recall_at_10": 0.90411,
        "mrr_at_1": 0.315068,
        "mrr_at_3": 0.497717,
        "mrr_at_10": 0.531866,
        "hit_rate_at_1": 0.31507,
        "hit_rate_at_3": 0.72603,
        "hit_rate_at_10": 0.90411,
        "main_score": 0.62368,
        "hf_subset": "community-discussion",
        "languages": [
          "nep-Deva",
          "nep-Latn",
          "eng-Latn"
        ],
        "mteb_version": "2.18.3"
      },
      {
        "ndcg_at_1": 0.34,
        "ndcg_at_3": 0.43571,
        "ndcg_at_10": 0.55089,
        "map_at_1": 0.34,
        "map_at_3": 0.41333,
        "map_at_10": 0.46854,
        "recall_at_1": 0.34,
        "recall_at_3": 0.5,
        "recall_at_10": 0.82,
        "mrr_at_1": 0.34,
        "mrr_at_3": 0.413333,
        "mrr_at_10": 0.46854,
        "hit_rate_at_1": 0.34,
        "hit_rate_at_3": 0.5,
        "hit_rate_at_10": 0.82,
        "main_score": 0.55089,
        "hf_subset": "education",
        "languages": [
          "nep-Deva",
          "nep-Latn",
          "eng-Latn"
        ],
        "mteb_version": "2.18.3"
      },
      {
        "ndcg_at_1": 0.27027,
        "ndcg_at_3": 0.36904,
        "ndcg_at_10": 0.48687,
        "map_at_1": 0.27027,
        "map_at_3": 0.34685,
        "map_at_10": 0.40972,
        "recall_at_1": 0.27027,
        "recall_at_3": 0.43243,
        "recall_at_10": 0.72973,
        "mrr_at_1": 0.27027,
        "mrr_at_3": 0.346847,
        "mrr_at_10": 0.409717,
        "hit_rate_at_1": 0.27027,
        "hit_rate_at_3": 0.43243,
        "hit_rate_at_10": 0.72973,
        "main_score": 0.48687,
        "hf_subset": "energy-and-infrastructure",
        "languages": [
          "nep-Deva",
          "nep-Latn",
          "eng-Latn"
        ],
        "mteb_version": "2.18.3"
      },
      {
        "ndcg_at_1": 0.18182,
        "ndcg_at_3": 0.33528,
        "ndcg_at_10": 0.46143,
        "map_at_1": 0.18182,
        "map_at_3": 0.3,
        "map_at_10": 0.3657,
        "recall_at_1": 0.18182,
        "recall_at_3": 0.43636,
        "recall_at_10": 0.76364,
        "mrr_at_1": 0.181818,
        "mrr_at_3": 0.3,
        "mrr_at_10": 0.3657,
        "hit_rate_at_1": 0.18182,
        "hit_rate_at_3": 0.43636,
        "hit_rate_at_10": 0.76364,
        "main_score": 0.46143,
        "hf_subset": "health-and-nutrition",
        "languages": [
          "nep-Deva",
          "nep-Latn",
          "eng-Latn"
        ],
        "mteb_version": "2.18.3"
      },
      {
        "ndcg_at_1": 0.32609,
        "ndcg_at_3": 0.61594,
        "ndcg_at_10": 0.65922,
        "map_at_1": 0.32609,
        "map_at_3": 0.54348,
        "map_at_10": 0.56667,
        "recall_at_1": 0.32609,
        "recall_at_3": 0.82609,
        "recall_at_10": 0.93478,
        "mrr_at_1": 0.326087,
        "mrr_at_3": 0.543478,
        "mrr_at_10": 0.566667,
        "hit_rate_at_1": 0.32609,
        "hit_rate_at_3": 0.82609,
        "hit_rate_at_10": 0.93478,
        "main_score": 0.65922,
        "hf_subset": "history-and-culture",
        "languages": [
          "nep-Deva",
          "nep-Latn",
          "eng-Latn"
        ],
        "mteb_version": "2.18.3"
      },
      {
        "ndcg_at_1": 0.37037,
        "ndcg_at_3": 0.60118,
        "ndcg_at_10": 0.66018,
        "map_at_1": 0.37037,
        "map_at_3": 0.5463,
        "map_at_10": 0.57809,
        "recall_at_1": 0.37037,
        "recall_at_3": 0.75926,
        "recall_at_10": 0.90741,
        "mrr_at_1": 0.37037,
        "mrr_at_3": 0.546296,
        "mrr_at_10": 0.578086,
        "hit_rate_at_1": 0.37037,
        "hit_rate_at_3": 0.75926,
        "hit_rate_at_10": 0.90741,
        "main_score": 0.66018,
        "hf_subset": "law-and-policy",
        "languages": [
          "nep-Deva",
          "nep-Latn",
          "eng-Latn"
        ],
        "mteb_version": "2.18.3"
      },
      {
        "ndcg_at_1": 0.1573,
        "ndcg_at_3": 0.28585,
        "ndcg_at_10": 0.38569,
        "map_at_1": 0.1573,
        "map_at_3": 0.25281,
        "map_at_10": 0.30483,
        "recall_at_1": 0.1573,
        "recall_at_3": 0.38202,
        "recall_at_10": 0.64045,
        "mrr_at_1": 0.157303,
        "mrr_at_3": 0.252809,
        "mrr_at_10": 0.304833,
        "hit_rate_at_1": 0.1573,
        "hit_rate_at_3": 0.38202,
        "hit_rate_at_10": 0.64045,
        "main_score": 0.38569,
        "hf_subset": "nepal-civic-services",
        "languages": [
          "nep-Deva",
          "nep-Latn",
          "eng-Latn"
        ],
        "mteb_version": "2.18.3"
      },
      {
        "ndcg_at_1": 0.2449,
        "ndcg_at_3": 0.35544,
        "ndcg_at_10": 0.4442,
        "map_at_1": 0.2449,
        "map_at_3": 0.32993,
        "map_at_10": 0.37738,
        "recall_at_1": 0.2449,
        "recall_at_3": 0.42857,
        "recall_at_10": 0.65306,
        "mrr_at_1": 0.244898,
        "mrr_at_3": 0.329932,
        "mrr_at_10": 0.377381,
        "hit_rate_at_1": 0.2449,
        "hit_rate_at_3": 0.42857,
        "hit_rate_at_10": 0.65306,
        "main_score": 0.4442,
        "hf_subset": "personal-finance",
        "languages": [
          "nep-Deva",
          "nep-Latn",
          "eng-Latn"
        ],
        "mteb_version": "2.18.3"
      },
      {
        "ndcg_at_1": 0.28916,
        "ndcg_at_3": 0.58031,
        "ndcg_at_10": 0.64834,
        "map_at_1": 0.28916,
        "map_at_3": 0.51004,
        "map_at_10": 0.54445,
        "recall_at_1": 0.28916,
        "recall_at_3": 0.78313,
        "recall_at_10": 0.96386,
        "mrr_at_1": 0.289157,
        "mrr_at_3": 0.51004,
        "mrr_at_10": 0.544454,
        "hit_rate_at_1": 0.28916,
        "hit_rate_at_3": 0.78313,
        "hit_rate_at_10": 0.96386,
        "main_score": 0.64834,
        "hf_subset": "products-and-services",
        "languages": [
          "nep-Deva",
          "nep-Latn",
          "eng-Latn"
        ],
        "mteb_version": "2.18.3"
      },
      {
        "ndcg_at_1": 0.42,
        "ndcg_at_3": 0.6519,
        "ndcg_at_10": 0.71285,
        "map_at_1": 0.42,
        "map_at_3": 0.6,
        "map_at_10": 0.63121,
        "recall_at_1": 0.42,
        "recall_at_3": 0.8,
        "recall_at_10": 0.96,