{
  "dataset_revision": "dbe0a6befdfce448982392bd461ac5d16485e99e",
  "task_name": "NanoBEIRNepaliRetrieval.v5",
  "mteb_version": "2.18.3",
  "scores": {
    "test": [
      {
        "ndcg_at_1": 0.14,
        "ndcg_at_3": 0.29619,
        "ndcg_at_10": 0.42355,
        "ndcg_at_50": 0.46707,
        "map_at_1": 0.14,
        "map_at_3": 0.26,
        "map_at_10": 0.32833,
        "map_at_50": 0.33946,
        "recall_at_1": 0.14,
        "recall_at_3": 0.4,
        "recall_at_10": 0.72,
        "recall_at_50": 0.9,
        "mrr_at_1": 0.14,
        "mrr_at_3": 0.27,
        "mrr_at_10": 0.332667,
        "mrr_at_50": 0.34379,
        "hit_rate_at_1": 0.14,
        "hit_rate_at_3": 0.4,
        "hit_rate_at_10": 0.72,
        "hit_rate_at_50": 0.9,
        "main_score": 0.42355,
        "hf_subset": "arguana",
        "languages": [
          "nep-Deva"
        ],
        "mteb_version": "2.18.3"
      },
      {
        "ndcg_at_1": 0.12,
        "ndcg_at_3": 0.12346,
        "ndcg_at_10": 0.16463,
        "ndcg_at_50": 0.23089,
        "map_at_1": 0.05333,
        "map_at_3": 0.078,
        "map_at_10": 0.09918,
        "map_at_50": 0.11365,
        "recall_at_1": 0.05333,
        "recall_at_3": 0.109,
        "recall_at_10": 0.24133,
        "recall_at_50": 0.46867,
        "mrr_at_1": 0.12,
        "mrr_at_3": 0.193333,
        "mrr_at_10": 0.222103,
        "mrr_at_50": 0.236513,
        "hit_rate_at_1": 0.12,
        "hit_rate_at_3": 0.3,
        "hit_rate_at_10": 0.5,
        "hit_rate_at_50": 0.8,
        "main_score": 0.16463,
        "hf_subset": "climatefever",
        "languages": [
          "nep-Deva"
        ],
        "mteb_version": "2.18.3"
      },
      {
        "ndcg_at_1": 0.48,
        "ndcg_at_3": 0.3677,
        "ndcg_at_10": 0.31867,
        "ndcg_at_50": 0.38813,
        "map_at_1": 0.05198,
        "map_at_3": 0.08406,
        "map_at_10": 0.12212,
        "map_at_50": 0.2089,
        "recall_at_1": 0.05198,
        "recall_at_3": 0.09765,
        "recall_at_10": 0.17298,
        "recall_at_50": 0.45906,
        "mrr_at_1": 0.48,
        "mrr_at_3": 0.506667,
        "mrr_at_10": 0.547524,
        "mrr_at_50": 0.560057,
        "hit_rate_at_1": 0.48,
        "hit_rate_at_3": 0.54,
        "hit_rate_at_10": 0.78,
        "hit_rate_at_50": 0.96,
        "main_score": 0.31867,
        "hf_subset": "dbpedia",
        "languages": [
          "nep-Deva"
        ],
        "mteb_version": "2.18.3"
      },
      {
        "ndcg_at_1": 0.5,
        "ndcg_at_3": 0.59375,
        "ndcg_at_10": 0.66677,
        "ndcg_at_50": 0.68988,
        "map_at_1": 0.48,
        "map_at_3": 0.56,
        "map_at_10": 0.59956,
        "map_at_50": 0.60568,
        "recall_at_1": 0.48,
        "recall_at_3": 0.67,
        "recall_at_10": 0.84667,
        "recall_at_50": 0.93667,
        "mrr_at_1": 0.5,
        "mrr_at_3": 0.583333,
        "mrr_at_10": 0.622667,
        "mrr_at_50": 0.629503,
        "hit_rate_at_1": 0.5,
        "hit_rate_at_3": 0.7,
        "hit_rate_at_10": 0.88,
        "hit_rate_at_50": 0.98,
        "main_score": 0.66677,
        "hf_subset": "fever",
        "languages": [
          "nep-Deva"
        ],
        "mteb_version": "2.18.3"
      },
      {
        "ndcg_at_1": 0.36,
        "ndcg_at_3": 0.34594,
        "ndcg_at_10": 0.39596,
        "ndcg_at_50": 0.44289,
        "map_at_1": 0.16858,
        "map_at_3": 0.25779,
        "map_at_10": 0.31718,
        "map_at_50": 0.3287,
        "recall_at_1": 0.16858,
        "recall_at_3": 0.30946,
        "recall_at_10": 0.50887,
        "recall_at_50": 0.70331,
        "mrr_at_1": 0.36,
        "mrr_at_3": 0.413333,
        "mrr_at_10": 0.452135,
        "mrr_at_50": 0.456968,
        "hit_rate_at_1": 0.36,
        "hit_rate_at_3": 0.48,
        "hit_rate_at_10": 0.7,
        "hit_rate_at_50": 0.84,
        "main_score": 0.39596,
        "hf_subset": "fiqa2018",
        "languages": [
          "nep-Deva"
        ],
        "mteb_version": "2.18.3"
      },
      {
        "ndcg_at_1": 0.68,
        "ndcg_at_3": 0.57431,
        "ndcg_at_10": 0.6187,
        "ndcg_at_50": 0.66571,
        "map_at_1": 0.34,
        "map_at_3": 0.51,
        "map_at_10": 0.54065,
        "map_at_50": 0.55594,
        "recall_at_1": 0.34,
        "recall_at_3": 0.56,
        "recall_at_10": 0.66,
        "recall_at_50": 0.83,
        "mrr_at_1": 0.68,
        "mrr_at_3": 0.726667,
        "mrr_at_10": 0.735524,
        "mrr_at_50": 0.739295,
        "hit_rate_at_1": 0.68,
        "hit_rate_at_3": 0.8,
        "hit_rate_at_10": 0.86,
        "hit_rate_at_50": 0.94,
        "main_score": 0.6187,
        "hf_subset": "hotpotqa",
        "languages": [
          "nep-Deva"
        ],
        "mteb_version": "2.18.3"
      },
      {
        "ndcg_at_1": 0.28,
        "ndcg_at_3": 0.42619,
        "ndcg_at_10": 0.47852,
        "ndcg_at_50": 0.52749,
        "map_at_1": 0.28,
        "map_at_3": 0.39333,
        "map_at_10": 0.41969,
        "map_at_50": 0.43032,
        "recall_at_1": 0.28,
        "recall_at_3": 0.52,
        "recall_at_10": 0.66,
        "recall_at_50": 0.88,
        "mrr_at_1": 0.28,
        "mrr_at_3": 0.393333,
        "mrr_at_10": 0.41969,
        "mrr_at_50": 0.430322,
        "hit_rate_at_1": 0.28,
        "hit_rate_at_3": 0.52,
        "hit_rate_at_10": 0.66,
        "hit_rate_at_50": 0.88,
        "main_score": 0.47852,
        "hf_subset": "msmarco",
        "languages": [
          "nep-Deva"
        ],
        "mteb_version": "2.18.3"
      },
      {
        "ndcg_at_1": 0.18,
        "ndcg_at_3": 0.18469,
        "ndcg_at_10": 0.17377,
        "ndcg_at_50": 0.14217,
        "map_at_1": 0.00457,
        "map_at_3": 0.01328,
        "map_at_10": 0.03188,
        "map_at_50": 0.04501,
        "recall_at_1": 0.00457,
        "recall_at_3": 0.01828,
        "recall_at_10": 0.05413,
        "recall_at_50": 0.13036,
        "mrr_at_1": 0.18,
        "mrr_at_3": 0.243333,
        "mrr_at_10": 0.278,
        "mrr_at_50": 0.284542,
        "hit_rate_at_1": 0.18,
        "hit_rate_at_3": 0.34,
        "hit_rate_at_10": 0.54,
        "hit_rate_at_50": 0.68,
        "main_score": 0.17377,
        "hf_subset": "nfcorpus",
        "languages": [
          "nep-Deva"
        ],
        "mteb_version": "2.18.3"
      },
      {
        "ndcg_at_1": 0.34,
        "ndcg_at_3": 0.38113,
        "ndcg_at_10": 0.42118,
        "ndcg_at_50": 0.47388,
        "map_at_1": 0.32,
        "map_at_3": 0.36333,
        "map_at_10": 0.382,
        "map_at_50": 0.39361,
        "recall_at_1": 0.32,
        "recall_at_3": 0.41,
        "recall_at_10": 0.52,
        "recall_at_50": 0.75,
        "mrr_at_1": 0.34,
        "mrr_at_3": 0.386667,
        "mrr_at_10": 0.406444,
        "mrr_at_50": 0.417197,
        "hit_rate_at_1": 0.34,
        "hit_rate_at_3": 0.44,
        "hit_rate_at_10": 0.56,
        "hit_rate_at_50": 0.78,
        "main_score": 0.42118,
        "hf_subset": "nq",
        "languages": [
          "nep-Deva"
        ],
        "mteb_version": "2.18.3"
      },
      {
        "ndcg_at_1": 0.86,
        "ndcg_at_3": 0.89455,
        "ndcg_at_10": 0.91745,
        "ndcg_at_50": 0.92331,
        "map_at_1": 0.73733,
        "map_at_3": 0.86333,
        "map_at_10": 0.88586,
        "map_at_50": 0.8897,
        "recall_at_1": 0.73733,
        "recall_at_3": 0.918,
        "recall_at_10": 0.986,
        "recall_at_50": 1.0,
        "mrr_at_1": 0.86,
        "mrr_at_3": 0.906667,
        "mrr_at_10": 0.911746,
        "mrr_at_50": 0.911746,
        "hit_rate_at_1": 0.86,
        "hit_rate_at_3": 0.96,
        "hit_rate_at_10": 1.0,
        "hit_rate_at_50": 1.0,
        "main_score": 0.91745,
        "hf_subset": "quoraretrieval",
        "languages": [
          "nep-Deva"
        ],
        "mteb_version": "2.18.3"
      },
      {
        "ndcg_at_1": 0.32,
        "ndcg_at_3": 0.2657,
        "ndcg_at_10": 0.26728,
        "ndcg_at_50": 0.33836,
        "map_at_1": 0.06767,