{
  "dataset_revision": "7e53250964a040dbad2aa11d95855548a7c6717e",
  "task_name": "SanoIRGeneralRetrieval.v2",
  "mteb_version": "2.18.3",
  "scores": {
    "test": [
      {
        "ndcg_at_1": 0.63636,
        "ndcg_at_3": 0.76664,
        "ndcg_at_10": 0.80002,
        "map_at_1": 0.63636,
        "map_at_3": 0.73674,
        "map_at_10": 0.75308,
        "recall_at_1": 0.63636,
        "recall_at_3": 0.85227,
        "recall_at_10": 0.94318,
        "mrr_at_1": 0.636364,
        "mrr_at_3": 0.736742,
        "mrr_at_10": 0.753075,
        "hit_rate_at_1": 0.63636,
        "hit_rate_at_3": 0.85227,
        "hit_rate_at_10": 0.94318,
        "main_score": 0.80002,
        "hf_subset": "agriculture",
        "languages": [
          "nep-Deva",
          "nep-Latn",
          "eng-Latn"
        ],
        "mteb_version": "2.18.3"
      },
      {
        "ndcg_at_1": 0.65854,
        "ndcg_at_3": 0.79065,
        "ndcg_at_10": 0.80008,
        "map_at_1": 0.65854,
        "map_at_3": 0.76016,
        "map_at_10": 0.76504,
        "recall_at_1": 0.65854,
        "recall_at_3": 0.87805,
        "recall_at_10": 0.90244,
        "mrr_at_1": 0.658537,
        "mrr_at_3": 0.760163,
        "mrr_at_10": 0.765041,
        "hit_rate_at_1": 0.65854,
        "hit_rate_at_3": 0.87805,
        "hit_rate_at_10": 0.90244,
        "main_score": 0.80008,
        "hf_subset": "climate-and-environment",
        "languages": [
          "nep-Deva",
          "nep-Latn",
          "eng-Latn"
        ],
        "mteb_version": "2.18.3"
      },
      {
        "ndcg_at_1": 0.64384,
        "ndcg_at_3": 0.80088,
        "ndcg_at_10": 0.8317,
        "map_at_1": 0.64384,
        "map_at_3": 0.76484,
        "map_at_10": 0.78027,
        "recall_at_1": 0.64384,
        "recall_at_3": 0.90411,
        "recall_at_10": 0.9863,
        "mrr_at_1": 0.643836,
        "mrr_at_3": 0.76484,
        "mrr_at_10": 0.780267,
        "hit_rate_at_1": 0.64384,
        "hit_rate_at_3": 0.90411,
        "hit_rate_at_10": 0.9863,
        "main_score": 0.8317,
        "hf_subset": "community-discussion",
        "languages": [
          "nep-Deva",
          "nep-Latn",
          "eng-Latn"
        ],
        "mteb_version": "2.18.3"
      },
      {
        "ndcg_at_1": 0.78,
        "ndcg_at_3": 0.86571,
        "ndcg_at_10": 0.89068,
        "map_at_1": 0.78,
        "map_at_3": 0.84667,
        "map_at_10": 0.86067,
        "recall_at_1": 0.78,
        "recall_at_3": 0.92,
        "recall_at_10": 0.98,
        "mrr_at_1": 0.78,
        "mrr_at_3": 0.846667,
        "mrr_at_10": 0.860667,
        "hit_rate_at_1": 0.78,
        "hit_rate_at_3": 0.92,
        "hit_rate_at_10": 0.98,
        "main_score": 0.89068,
        "hf_subset": "education",
        "languages": [
          "nep-Deva",
          "nep-Latn",
          "eng-Latn"
        ],
        "mteb_version": "2.18.3"
      },
      {
        "ndcg_at_1": 0.67568,
        "ndcg_at_3": 0.84556,
        "ndcg_at_10": 0.8572,
        "map_at_1": 0.67568,
        "map_at_3": 0.8018,
        "map_at_10": 0.80856,
        "recall_at_1": 0.67568,
        "recall_at_3": 0.97297,
        "recall_at_10": 1.0,
        "mrr_at_1": 0.675676,
        "mrr_at_3": 0.801802,
        "mrr_at_10": 0.808559,
        "hit_rate_at_1": 0.67568,
        "hit_rate_at_3": 0.97297,
        "hit_rate_at_10": 1.0,
        "main_score": 0.8572,
        "hf_subset": "energy-and-infrastructure",
        "languages": [
          "nep-Deva",
          "nep-Latn",
          "eng-Latn"
        ],
        "mteb_version": "2.18.3"
      },
      {
        "ndcg_at_1": 0.67273,
        "ndcg_at_3": 0.81471,
        "ndcg_at_10": 0.84604,
        "map_at_1": 0.67273,
        "map_at_3": 0.78182,
        "map_at_10": 0.8,
        "recall_at_1": 0.67273,
        "recall_at_3": 0.90909,
        "recall_at_10": 0.98182,
        "mrr_at_1": 0.672727,
        "mrr_at_3": 0.781818,
        "mrr_at_10": 0.8,
        "hit_rate_at_1": 0.67273,
        "hit_rate_at_3": 0.90909,
        "hit_rate_at_10": 0.98182,
        "main_score": 0.84604,
        "hf_subset": "health-and-nutrition",
        "languages": [
          "nep-Deva",
          "nep-Latn",
          "eng-Latn"
        ],
        "mteb_version": "2.18.3"
      },
      {
        "ndcg_at_1": 0.73913,
        "ndcg_at_3": 0.84316,
        "ndcg_at_10": 0.85786,
        "map_at_1": 0.73913,
        "map_at_3": 0.81884,
        "map_at_10": 0.82536,
        "recall_at_1": 0.73913,
        "recall_at_3": 0.91304,
        "recall_at_10": 0.95652,
        "mrr_at_1": 0.73913,
        "mrr_at_3": 0.818841,
        "mrr_at_10": 0.825362,
        "hit_rate_at_1": 0.73913,
        "hit_rate_at_3": 0.91304,
        "hit_rate_at_10": 0.95652,
        "main_score": 0.85786,
        "hf_subset": "history-and-culture",
        "languages": [
          "nep-Deva",
          "nep-Latn",
          "eng-Latn"
        ],
        "mteb_version": "2.18.3"
      },
      {
        "ndcg_at_1": 0.66667,
        "ndcg_at_3": 0.83708,
        "ndcg_at_10": 0.83708,
        "map_at_1": 0.66667,
        "map_at_3": 0.79938,
        "map_at_10": 0.79938,
        "recall_at_1": 0.66667,
        "recall_at_3": 0.94444,
        "recall_at_10": 0.94444,
        "mrr_at_1": 0.666667,
        "mrr_at_3": 0.799383,
        "mrr_at_10": 0.799383,
        "hit_rate_at_1": 0.66667,
        "hit_rate_at_3": 0.94444,
        "hit_rate_at_10": 0.94444,
        "main_score": 0.83708,
        "hf_subset": "law-and-policy",
        "languages": [
          "nep-Deva",
          "nep-Latn",
          "eng-Latn"
        ],
        "mteb_version": "2.18.3"
      },
      {
        "ndcg_at_1": 0.51685,
        "ndcg_at_3": 0.61289,
        "ndcg_at_10": 0.66681,
        "map_at_1": 0.51685,
        "map_at_3": 0.58801,
        "map_at_10": 0.61468,
        "recall_at_1": 0.51685,
        "recall_at_3": 0.68539,
        "recall_at_10": 0.83146,
        "mrr_at_1": 0.516854,
        "mrr_at_3": 0.588015,
        "mrr_at_10": 0.614678,
        "hit_rate_at_1": 0.51685,
        "hit_rate_at_3": 0.68539,
        "hit_rate_at_10": 0.83146,
        "main_score": 0.66681,
        "hf_subset": "nepal-civic-services",
        "languages": [
          "nep-Deva",
          "nep-Latn",
          "eng-Latn"
        ],
        "mteb_version": "2.18.3"
      },
      {
        "ndcg_at_1": 0.65306,
        "ndcg_at_3": 0.82264,
        "ndcg_at_10": 0.8422,
        "map_at_1": 0.65306,
        "map_at_3": 0.78231,
        "map_at_10": 0.79025,
        "recall_at_1": 0.65306,
        "recall_at_3": 0.93878,
        "recall_at_10": 1.0,
        "mrr_at_1": 0.653061,
        "mrr_at_3": 0.782313,
        "mrr_at_10": 0.790249,
        "hit_rate_at_1": 0.65306,
        "hit_rate_at_3": 0.93878,
        "hit_rate_at_10": 1.0,
        "main_score": 0.8422,
        "hf_subset": "personal-finance",
        "languages": [
          "nep-Deva",
          "nep-Latn",
          "eng-Latn"
        ],
        "mteb_version": "2.18.3"
      },
      {
        "ndcg_at_1": 0.77108,
        "ndcg_at_3": 0.91078,
        "ndcg_at_10": 0.91078,
        "map_at_1": 0.77108,
        "map_at_3": 0.87952,
        "map_at_10": 0.87952,
        "recall_at_1": 0.77108,
        "recall_at_3": 1.0,
        "recall_at_10": 1.0,
        "mrr_at_1": 0.771084,
        "mrr_at_3": 0.879518,
        "mrr_at_10": 0.879518,
        "hit_rate_at_1": 0.77108,
        "hit_rate_at_3": 1.0,
        "hit_rate_at_10": 1.0,
        "main_score": 0.91078,
        "hf_subset": "products-and-services",
        "languages": [
          "nep-Deva",
          "nep-Latn",
          "eng-Latn"
        ],
        "mteb_version": "2.18.3"
      },
      {
        "ndcg_at_1": 0.64,
        "ndcg_at_3": 0.84666,
        "ndcg_at_10": 0.85378,
        "map_at_1": 0.64,
        "map_at_3": 0.8,
        "map_at_10": 0.80333,
        "recall_at_1": 0.64,
        "recall_at_3": 0.98,
        "recall_at_10": 1.0,
        "mrr_at_1": 0.64,