{
  "dataset_revision": "dbe0a6befdfce448982392bd461ac5d16485e99e",
  "task_name": "NanoBEIRNepaliRetrieval.v5",
  "mteb_version": "2.18.3",
  "scores": {
    "test": [
      {
        "ndcg_at_1": 0.08,
        "ndcg_at_3": 0.21357,
        "ndcg_at_10": 0.24052,
        "ndcg_at_50": 0.31138,
        "map_at_1": 0.08,
        "map_at_3": 0.18333,
        "map_at_10": 0.19517,
        "map_at_50": 0.21043,
        "recall_at_1": 0.08,
        "recall_at_3": 0.3,
        "recall_at_10": 0.38,
        "recall_at_50": 0.7,
        "mrr_at_1": 0.08,
        "mrr_at_3": 0.18,
        "mrr_at_10": 0.191833,
        "mrr_at_50": 0.207147,
        "hit_rate_at_1": 0.08,
        "hit_rate_at_3": 0.3,
        "hit_rate_at_10": 0.38,
        "hit_rate_at_50": 0.7,
        "main_score": 0.24052,
        "hf_subset": "arguana",
        "languages": [
          "nep-Deva"
        ],
        "mteb_version": "2.18.3"
      },
      {
        "ndcg_at_1": 0.02,
        "ndcg_at_3": 0.02488,
        "ndcg_at_10": 0.05268,
        "ndcg_at_50": 0.10382,
        "map_at_1": 0.01,
        "map_at_3": 0.02,
        "map_at_10": 0.03048,
        "map_at_50": 0.04055,
        "recall_at_1": 0.01,
        "recall_at_3": 0.03,
        "recall_at_10": 0.10567,
        "recall_at_50": 0.27367,
        "mrr_at_1": 0.02,
        "mrr_at_3": 0.03,
        "mrr_at_10": 0.048135,
        "mrr_at_50": 0.064506,
        "hit_rate_at_1": 0.02,
        "hit_rate_at_3": 0.04,
        "hit_rate_at_10": 0.16,
        "hit_rate_at_50": 0.48,
        "main_score": 0.05268,
        "hf_subset": "climatefever",
        "languages": [
          "nep-Deva"
        ],
        "mteb_version": "2.18.3"
      },
      {
        "ndcg_at_1": 0.32,
        "ndcg_at_3": 0.31203,
        "ndcg_at_10": 0.26399,
        "ndcg_at_50": 0.27038,
        "map_at_1": 0.02908,
        "map_at_3": 0.06198,
        "map_at_10": 0.08986,
        "map_at_50": 0.1307,
        "recall_at_1": 0.02908,
        "recall_at_3": 0.08164,
        "recall_at_10": 0.14782,
        "recall_at_50": 0.30325,
        "mrr_at_1": 0.32,
        "mrr_at_3": 0.433333,
        "mrr_at_10": 0.4655,
        "mrr_at_50": 0.475108,
        "hit_rate_at_1": 0.32,
        "hit_rate_at_3": 0.56,
        "hit_rate_at_10": 0.72,
        "hit_rate_at_50": 0.9,
        "main_score": 0.26399,
        "hf_subset": "dbpedia",
        "languages": [
          "nep-Deva"
        ],
        "mteb_version": "2.18.3"
      },
      {
        "ndcg_at_1": 0.06,
        "ndcg_at_3": 0.06774,
        "ndcg_at_10": 0.12506,
        "ndcg_at_50": 0.15444,
        "map_at_1": 0.06,
        "map_at_3": 0.065,
        "map_at_10": 0.09358,
        "map_at_50": 0.09991,
        "recall_at_1": 0.06,
        "recall_at_3": 0.07,
        "recall_at_10": 0.22,
        "recall_at_50": 0.34333,
        "mrr_at_1": 0.06,
        "mrr_at_3": 0.07,
        "mrr_at_10": 0.100579,
        "mrr_at_50": 0.107796,
        "hit_rate_at_1": 0.06,
        "hit_rate_at_3": 0.08,
        "hit_rate_at_10": 0.24,
        "hit_rate_at_50": 0.38,
        "main_score": 0.12506,
        "hf_subset": "fever",
        "languages": [
          "nep-Deva"
        ],
        "mteb_version": "2.18.3"
      },
      {
        "ndcg_at_1": 0.04,
        "ndcg_at_3": 0.05675,
        "ndcg_at_10": 0.09159,
        "ndcg_at_50": 0.12871,
        "map_at_1": 0.024,
        "map_at_3": 0.0361,
        "map_at_10": 0.05831,
        "map_at_50": 0.06731,
        "recall_at_1": 0.024,
        "recall_at_3": 0.04886,
        "recall_at_10": 0.15071,
        "recall_at_50": 0.27337,
        "mrr_at_1": 0.04,
        "mrr_at_3": 0.066667,
        "mrr_at_10": 0.094381,
        "mrr_at_50": 0.103805,
        "hit_rate_at_1": 0.04,
        "hit_rate_at_3": 0.1,
        "hit_rate_at_10": 0.24,
        "hit_rate_at_50": 0.44,
        "main_score": 0.09159,
        "hf_subset": "fiqa2018",
        "languages": [
          "nep-Deva"
        ],
        "mteb_version": "2.18.3"
      },
      {
        "ndcg_at_1": 0.28,
        "ndcg_at_3": 0.25489,
        "ndcg_at_10": 0.30511,
        "ndcg_at_50": 0.33449,
        "map_at_1": 0.14,
        "map_at_3": 0.20833,
        "map_at_10": 0.23334,
        "map_at_50": 0.23951,
        "recall_at_1": 0.14,
        "recall_at_3": 0.26,
        "recall_at_10": 0.38,
        "recall_at_50": 0.5,
        "mrr_at_1": 0.28,
        "mrr_at_3": 0.343333,
        "mrr_at_10": 0.366635,
        "mrr_at_50": 0.370187,
        "hit_rate_at_1": 0.28,
        "hit_rate_at_3": 0.44,
        "hit_rate_at_10": 0.6,
        "hit_rate_at_50": 0.72,
        "main_score": 0.30511,
        "hf_subset": "hotpotqa",
        "languages": [
          "nep-Deva"
        ],
        "mteb_version": "2.18.3"
      },
      {
        "ndcg_at_1": 0.04,
        "ndcg_at_3": 0.11786,
        "ndcg_at_10": 0.16032,
        "ndcg_at_50": 0.22284,
        "map_at_1": 0.04,
        "map_at_3": 0.09667,
        "map_at_10": 0.11672,
        "map_at_50": 0.13021,
        "recall_at_1": 0.04,
        "recall_at_3": 0.18,
        "recall_at_10": 0.3,
        "recall_at_50": 0.58,
        "mrr_at_1": 0.04,
        "mrr_at_3": 0.096667,
        "mrr_at_10": 0.116722,
        "mrr_at_50": 0.130207,
        "hit_rate_at_1": 0.04,
        "hit_rate_at_3": 0.18,
        "hit_rate_at_10": 0.3,
        "hit_rate_at_50": 0.58,
        "main_score": 0.16032,
        "hf_subset": "msmarco",
        "languages": [
          "nep-Deva"
        ],
        "mteb_version": "2.18.3"
      },
      {
        "ndcg_at_1": 0.1,
        "ndcg_at_3": 0.08346,
        "ndcg_at_10": 0.07391,
        "ndcg_at_50": 0.06208,
        "map_at_1": 0.00205,
        "map_at_3": 0.00344,
        "map_at_10": 0.00645,
        "map_at_50": 0.0107,
        "recall_at_1": 0.00205,
        "recall_at_3": 0.00503,
        "recall_at_10": 0.02089,
        "recall_at_50": 0.06099,
        "mrr_at_1": 0.1,
        "mrr_at_3": 0.14,
        "mrr_at_10": 0.161857,
        "mrr_at_50": 0.170964,
        "hit_rate_at_1": 0.1,
        "hit_rate_at_3": 0.2,
        "hit_rate_at_10": 0.32,
        "hit_rate_at_50": 0.5,
        "main_score": 0.07391,
        "hf_subset": "nfcorpus",
        "languages": [
          "nep-Deva"
        ],
        "mteb_version": "2.18.3"
      },
      {
        "ndcg_at_1": 0.06,
        "ndcg_at_3": 0.12309,
        "ndcg_at_10": 0.15499,
        "ndcg_at_50": 0.19511,
        "map_at_1": 0.05,
        "map_at_3": 0.105,
        "map_at_10": 0.11791,
        "map_at_50": 0.12558,
        "recall_at_1": 0.05,
        "recall_at_3": 0.16,
        "recall_at_10": 0.26,
        "recall_at_50": 0.45,
        "mrr_at_1": 0.06,
        "mrr_at_3": 0.12,
        "mrr_at_10": 0.132913,
        "mrr_at_50": 0.140155,
        "hit_rate_at_1": 0.06,
        "hit_rate_at_3": 0.18,
        "hit_rate_at_10": 0.28,
        "hit_rate_at_50": 0.46,
        "main_score": 0.15499,
        "hf_subset": "nq",
        "languages": [
          "nep-Deva"
        ],
        "mteb_version": "2.18.3"
      },
      {
        "ndcg_at_1": 0.58,
        "ndcg_at_3": 0.6195,
        "ndcg_at_10": 0.67722,
        "ndcg_at_50": 0.70792,
        "map_at_1": 0.52,
        "map_at_3": 0.588,
        "map_at_10": 0.62374,
        "map_at_50": 0.63381,
        "recall_at_1": 0.52,
        "recall_at_3": 0.648,
        "recall_at_10": 0.806,
        "recall_at_50": 0.92333,
        "mrr_at_1": 0.58,
        "mrr_at_3": 0.633333,
        "mrr_at_10": 0.655889,
        "mrr_at_50": 0.660761,
        "hit_rate_at_1": 0.58,
        "hit_rate_at_3": 0.7,
        "hit_rate_at_10": 0.84,
        "hit_rate_at_50": 0.94,
        "main_score": 0.67722,
        "hf_subset": "quoraretrieval",
        "languages": [
          "nep-Deva"
        ],
        "mteb_version": "2.18.3"
      },
      {
        "ndcg_at_1": 0.18,
        "ndcg_at_3": 0.13877,
        "ndcg_at_10": 0.12974,
        "ndcg_at_50": 0.17873,
        "map_at_1": 0.036,