{
  "dataset_revision": "7e53250964a040dbad2aa11d95855548a7c6717e",
  "task_name": "SanoIRGeneralRetrieval.v2",
  "mteb_version": "2.18.3",
  "scores": {
    "test": [
      {
        "ndcg_at_1": 0.625,
        "ndcg_at_3": 0.72808,
        "ndcg_at_10": 0.76405,
        "map_at_1": 0.625,
        "map_at_3": 0.70455,
        "map_at_10": 0.72367,
        "recall_at_1": 0.625,
        "recall_at_3": 0.79545,
        "recall_at_10": 0.88636,
        "mrr_at_1": 0.625,
        "mrr_at_3": 0.704545,
        "mrr_at_10": 0.723674,
        "hit_rate_at_1": 0.625,
        "hit_rate_at_3": 0.79545,
        "hit_rate_at_10": 0.88636,
        "main_score": 0.76405,
        "hf_subset": "agriculture",
        "languages": [
          "nep-Deva",
          "nep-Latn",
          "eng-Latn"
        ],
        "mteb_version": "2.18.3"
      },
      {
        "ndcg_at_1": 0.68293,
        "ndcg_at_3": 0.82723,
        "ndcg_at_10": 0.85293,
        "map_at_1": 0.68293,
        "map_at_3": 0.79268,
        "map_at_10": 0.80453,
        "recall_at_1": 0.68293,
        "recall_at_3": 0.92683,
        "recall_at_10": 1.0,
        "mrr_at_1": 0.682927,
        "mrr_at_3": 0.792683,
        "mrr_at_10": 0.80453,
        "hit_rate_at_1": 0.68293,
        "hit_rate_at_3": 0.92683,
        "hit_rate_at_10": 1.0,
        "main_score": 0.85293,
        "hf_subset": "climate-and-environment",
        "languages": [
          "nep-Deva",
          "nep-Latn",
          "eng-Latn"
        ],
        "mteb_version": "2.18.3"
      },
      {
        "ndcg_at_1": 0.67123,
        "ndcg_at_3": 0.78865,
        "ndcg_at_10": 0.81946,
        "map_at_1": 0.67123,
        "map_at_3": 0.76256,
        "map_at_10": 0.77808,
        "recall_at_1": 0.67123,
        "recall_at_3": 0.86301,
        "recall_at_10": 0.94521,
        "mrr_at_1": 0.671233,
        "mrr_at_3": 0.762557,
        "mrr_at_10": 0.778082,
        "hit_rate_at_1": 0.67123,
        "hit_rate_at_3": 0.86301,
        "hit_rate_at_10": 0.94521,
        "main_score": 0.81946,
        "hf_subset": "community-discussion",
        "languages": [
          "nep-Deva",
          "nep-Latn",
          "eng-Latn"
        ],
        "mteb_version": "2.18.3"
      },
      {
        "ndcg_at_1": 0.58,
        "ndcg_at_3": 0.69309,
        "ndcg_at_10": 0.74508,
        "map_at_1": 0.58,
        "map_at_3": 0.66333,
        "map_at_10": 0.68919,
        "recall_at_1": 0.58,
        "recall_at_3": 0.78,
        "recall_at_10": 0.92,
        "mrr_at_1": 0.58,
        "mrr_at_3": 0.663333,
        "mrr_at_10": 0.68919,
        "hit_rate_at_1": 0.58,
        "hit_rate_at_3": 0.78,
        "hit_rate_at_10": 0.92,
        "main_score": 0.74508,
        "hf_subset": "education",
        "languages": [
          "nep-Deva",
          "nep-Latn",
          "eng-Latn"
        ],
        "mteb_version": "2.18.3"
      },
      {
        "ndcg_at_1": 0.7027,
        "ndcg_at_3": 0.79794,
        "ndcg_at_10": 0.83167,
        "map_at_1": 0.7027,
        "map_at_3": 0.77477,
        "map_at_10": 0.79369,
        "recall_at_1": 0.7027,
        "recall_at_3": 0.86486,
        "recall_at_10": 0.94595,
        "mrr_at_1": 0.702703,
        "mrr_at_3": 0.774775,
        "mrr_at_10": 0.793694,
        "hit_rate_at_1": 0.7027,
        "hit_rate_at_3": 0.86486,
        "hit_rate_at_10": 0.94595,
        "main_score": 0.83167,
        "hf_subset": "energy-and-infrastructure",
        "languages": [
          "nep-Deva",
          "nep-Latn",
          "eng-Latn"
        ],
        "mteb_version": "2.18.3"
      },
      {
        "ndcg_at_1": 0.61818,
        "ndcg_at_3": 0.77402,
        "ndcg_at_10": 0.82078,
        "map_at_1": 0.61818,
        "map_at_3": 0.73939,
        "map_at_10": 0.7625,
        "recall_at_1": 0.61818,
        "recall_at_3": 0.87273,
        "recall_at_10": 1.0,
        "mrr_at_1": 0.618182,
        "mrr_at_3": 0.739394,
        "mrr_at_10": 0.762496,
        "hit_rate_at_1": 0.61818,
        "hit_rate_at_3": 0.87273,
        "hit_rate_at_10": 1.0,
        "main_score": 0.82078,
        "hf_subset": "health-and-nutrition",
        "languages": [
          "nep-Deva",
          "nep-Latn",
          "eng-Latn"
        ],
        "mteb_version": "2.18.3"
      },
      {
        "ndcg_at_1": 0.84783,
        "ndcg_at_3": 0.92158,
        "ndcg_at_10": 0.92883,
        "map_at_1": 0.84783,
        "map_at_3": 0.90217,
        "map_at_10": 0.90528,
        "recall_at_1": 0.84783,
        "recall_at_3": 0.97826,
        "recall_at_10": 1.0,
        "mrr_at_1": 0.847826,
        "mrr_at_3": 0.902174,
        "mrr_at_10": 0.90528,
        "hit_rate_at_1": 0.84783,
        "hit_rate_at_3": 0.97826,
        "hit_rate_at_10": 1.0,
        "main_score": 0.92883,
        "hf_subset": "history-and-culture",
        "languages": [
          "nep-Deva",
          "nep-Latn",
          "eng-Latn"
        ],
        "mteb_version": "2.18.3"
      },
      {
        "ndcg_at_1": 0.74074,
        "ndcg_at_3": 0.85273,
        "ndcg_at_10": 0.86071,
        "map_at_1": 0.74074,
        "map_at_3": 0.82716,
        "map_at_10": 0.83179,
        "recall_at_1": 0.74074,
        "recall_at_3": 0.92593,
        "recall_at_10": 0.94444,
        "mrr_at_1": 0.740741,
        "mrr_at_3": 0.82716,
        "mrr_at_10": 0.83179,
        "hit_rate_at_1": 0.74074,
        "hit_rate_at_3": 0.92593,
        "hit_rate_at_10": 0.94444,
        "main_score": 0.86071,
        "hf_subset": "law-and-policy",
        "languages": [
          "nep-Deva",
          "nep-Latn",
          "eng-Latn"
        ],
        "mteb_version": "2.18.3"
      },
      {
        "ndcg_at_1": 0.39326,
        "ndcg_at_3": 0.53772,
        "ndcg_at_10": 0.61714,
        "map_at_1": 0.39326,
        "map_at_3": 0.50562,
        "map_at_10": 0.54521,
        "recall_at_1": 0.39326,
        "recall_at_3": 0.62921,
        "recall_at_10": 0.8427,
        "mrr_at_1": 0.393258,
        "mrr_at_3": 0.505618,
        "mrr_at_10": 0.545207,
        "hit_rate_at_1": 0.39326,
        "hit_rate_at_3": 0.62921,
        "hit_rate_at_10": 0.8427,
        "main_score": 0.61714,
        "hf_subset": "nepal-civic-services",
        "languages": [
          "nep-Deva",
          "nep-Latn",
          "eng-Latn"
        ],
        "mteb_version": "2.18.3"
      },
      {
        "ndcg_at_1": 0.65306,
        "ndcg_at_3": 0.78887,
        "ndcg_at_10": 0.80204,
        "map_at_1": 0.65306,
        "map_at_3": 0.7517,
        "map_at_10": 0.75714,
        "recall_at_1": 0.65306,
        "recall_at_3": 0.89796,
        "recall_at_10": 0.93878,
        "mrr_at_1": 0.653061,
        "mrr_at_3": 0.751701,
        "mrr_at_10": 0.757143,
        "hit_rate_at_1": 0.65306,
        "hit_rate_at_3": 0.89796,
        "hit_rate_at_10": 0.93878,
        "main_score": 0.80204,
        "hf_subset": "personal-finance",
        "languages": [
          "nep-Deva",
          "nep-Latn",
          "eng-Latn"
        ],
        "mteb_version": "2.18.3"
      },
      {
        "ndcg_at_1": 0.72289,
        "ndcg_at_3": 0.82143,
        "ndcg_at_10": 0.8531,
        "map_at_1": 0.72289,
        "map_at_3": 0.79719,
        "map_at_10": 0.8132,
        "recall_at_1": 0.72289,
        "recall_at_3": 0.89157,
        "recall_at_10": 0.9759,
        "mrr_at_1": 0.722892,
        "mrr_at_3": 0.797189,
        "mrr_at_10": 0.8132,
        "hit_rate_at_1": 0.72289,
        "hit_rate_at_3": 0.89157,
        "hit_rate_at_10": 0.9759,
        "main_score": 0.8531,
        "hf_subset": "products-and-services",
        "languages": [
          "nep-Deva",
          "nep-Latn",
          "eng-Latn"
        ],
        "mteb_version": "2.18.3"
      },
      {
        "ndcg_at_1": 0.7,
        "ndcg_at_3": 0.83357,
        "ndcg_at_10": 0.85658,
        "map_at_1": 0.7,
        "map_at_3": 0.80333,
        "map_at_10": 0.81533,
        "recall_at_1": 0.7,
        "recall_at_3": 0.92,
        "recall_at_10": 0.98,
        "mrr_at_1": 0.7,