{
  "dataset_revision": "dbe0a6befdfce448982392bd461ac5d16485e99e",
  "task_name": "NanoBEIRNepaliRetrieval.v5",
  "mteb_version": "2.18.3",
  "scores": {
    "test": [
      {
        "ndcg_at_1": 0.16,
        "ndcg_at_3": 0.3388,
        "ndcg_at_10": 0.39808,
        "map_at_1": 0.16,
        "map_at_3": 0.29667,
        "map_at_10": 0.32606,
        "recall_at_1": 0.16,
        "recall_at_3": 0.46,
        "recall_at_10": 0.62,
        "mrr_at_1": 0.16,
        "mrr_at_3": 0.3,
        "mrr_at_10": 0.324389,
        "hit_rate_at_1": 0.16,
        "hit_rate_at_3": 0.46,
        "hit_rate_at_10": 0.62,
        "main_score": 0.39808,
        "hf_subset": "arguana",
        "languages": [
          "nep-Deva"
        ],
        "mteb_version": "2.18.3"
      },
      {
        "ndcg_at_1": 0.04,
        "ndcg_at_3": 0.06182,
        "ndcg_at_10": 0.08928,
        "map_at_1": 0.025,
        "map_at_3": 0.04278,
        "map_at_10": 0.05433,
        "recall_at_1": 0.025,
        "recall_at_3": 0.06333,
        "recall_at_10": 0.13067,
        "mrr_at_1": 0.04,
        "mrr_at_3": 0.076667,
        "mrr_at_10": 0.100905,
        "hit_rate_at_1": 0.04,
        "hit_rate_at_3": 0.14,
        "hit_rate_at_10": 0.3,
        "main_score": 0.08928,
        "hf_subset": "climatefever",
        "languages": [
          "nep-Deva"
        ],
        "mteb_version": "2.18.3"
      },
      {
        "ndcg_at_1": 0.7,
        "ndcg_at_3": 0.61306,
        "ndcg_at_10": 0.50165,
        "map_at_1": 0.08484,
        "map_at_3": 0.14525,
        "map_at_10": 0.20497,
        "recall_at_1": 0.08484,
        "recall_at_3": 0.16607,
        "recall_at_10": 0.26399,
        "mrr_at_1": 0.7,
        "mrr_at_3": 0.773333,
        "mrr_at_10": 0.788333,
        "hit_rate_at_1": 0.7,
        "hit_rate_at_3": 0.88,
        "hit_rate_at_10": 0.96,
        "main_score": 0.50165,
        "hf_subset": "dbpedia",
        "languages": [
          "nep-Deva"
        ],
        "mteb_version": "2.18.3"
      },
      {
        "ndcg_at_1": 0.12,
        "ndcg_at_3": 0.22776,
        "ndcg_at_10": 0.26955,
        "map_at_1": 0.12,
        "map_at_3": 0.2,
        "map_at_10": 0.21922,
        "recall_at_1": 0.12,
        "recall_at_3": 0.29667,
        "recall_at_10": 0.41667,
        "mrr_at_1": 0.12,
        "mrr_at_3": 0.21,
        "mrr_at_10": 0.229222,
        "hit_rate_at_1": 0.12,
        "hit_rate_at_3": 0.32,
        "hit_rate_at_10": 0.44,
        "main_score": 0.26955,
        "hf_subset": "fever",
        "languages": [
          "nep-Deva"
        ],
        "mteb_version": "2.18.3"
      },
      {
        "ndcg_at_1": 0.26,
        "ndcg_at_3": 0.25201,
        "ndcg_at_10": 0.2558,
        "map_at_1": 0.13725,
        "map_at_3": 0.18321,
        "map_at_10": 0.2029,
        "recall_at_1": 0.13725,
        "recall_at_3": 0.20488,
        "recall_at_10": 0.29026,
        "mrr_at_1": 0.26,
        "mrr_at_3": 0.31,
        "mrr_at_10": 0.327833,
        "hit_rate_at_1": 0.26,
        "hit_rate_at_3": 0.36,
        "hit_rate_at_10": 0.46,
        "main_score": 0.2558,
        "hf_subset": "fiqa2018",
        "languages": [
          "nep-Deva"
        ],
        "mteb_version": "2.18.3"
      },
      {
        "ndcg_at_1": 0.6,
        "ndcg_at_3": 0.51621,
        "ndcg_at_10": 0.57546,
        "map_at_1": 0.3,
        "map_at_3": 0.44,
        "map_at_10": 0.47467,
        "recall_at_1": 0.3,
        "recall_at_3": 0.5,
        "recall_at_10": 0.63,
        "mrr_at_1": 0.6,
        "mrr_at_3": 0.693333,
        "mrr_at_10": 0.719905,
        "hit_rate_at_1": 0.6,
        "hit_rate_at_3": 0.8,
        "hit_rate_at_10": 0.94,
        "main_score": 0.57546,
        "hf_subset": "hotpotqa",
        "languages": [
          "nep-Deva"
        ],
        "mteb_version": "2.18.3"
      },
      {
        "ndcg_at_1": 0.18,
        "ndcg_at_3": 0.27309,
        "ndcg_at_10": 0.36206,
        "map_at_1": 0.18,
        "map_at_3": 0.25,
        "map_at_10": 0.28991,
        "recall_at_1": 0.18,
        "recall_at_3": 0.34,
        "recall_at_10": 0.6,
        "mrr_at_1": 0.18,
        "mrr_at_3": 0.25,
        "mrr_at_10": 0.289913,
        "hit_rate_at_1": 0.18,
        "hit_rate_at_3": 0.34,
        "hit_rate_at_10": 0.6,
        "main_score": 0.36206,
        "hf_subset": "msmarco",
        "languages": [
          "nep-Deva"
        ],
        "mteb_version": "2.18.3"
      },
      {
        "ndcg_at_1": 0.22,
        "ndcg_at_3": 0.16224,
        "ndcg_at_10": 0.13887,
        "map_at_1": 0.0075,
        "map_at_3": 0.01425,
        "map_at_10": 0.02947,
        "recall_at_1": 0.0075,
        "recall_at_3": 0.01549,
        "recall_at_10": 0.04449,
        "mrr_at_1": 0.22,
        "mrr_at_3": 0.23,
        "mrr_at_10": 0.275524,
        "hit_rate_at_1": 0.22,
        "hit_rate_at_3": 0.24,
        "hit_rate_at_10": 0.46,
        "main_score": 0.13887,
        "hf_subset": "nfcorpus",
        "languages": [
          "nep-Deva"
        ],
        "mteb_version": "2.18.3"
      },
      {
        "ndcg_at_1": 0.18,
        "ndcg_at_3": 0.22786,
        "ndcg_at_10": 0.27582,
        "map_at_1": 0.17,
        "map_at_3": 0.21167,
        "map_at_10": 0.23552,
        "recall_at_1": 0.17,
        "recall_at_3": 0.26,
        "recall_at_10": 0.38,
        "mrr_at_1": 0.18,
        "mrr_at_3": 0.226667,
        "mrr_at_10": 0.255024,
        "hit_rate_at_1": 0.18,
        "hit_rate_at_3": 0.28,
        "hit_rate_at_10": 0.42,
        "main_score": 0.27582,
        "hf_subset": "nq",
        "languages": [
          "nep-Deva"
        ],
        "mteb_version": "2.18.3"
      },
      {
        "ndcg_at_1": 0.72,
        "ndcg_at_3": 0.78175,
        "ndcg_at_10": 0.81225,
        "map_at_1": 0.64067,
        "map_at_3": 0.75111,
        "map_at_10": 0.7715,
        "recall_at_1": 0.64067,
        "recall_at_3": 0.818,
        "recall_at_10": 0.89933,
        "mrr_at_1": 0.72,
        "mrr_at_3": 0.786667,
        "mrr_at_10": 0.800111,
        "hit_rate_at_1": 0.72,
        "hit_rate_at_3": 0.86,
        "hit_rate_at_10": 0.94,
        "main_score": 0.81225,
        "hf_subset": "quoraretrieval",
        "languages": [
          "nep-Deva"
        ],
        "mteb_version": "2.18.3"
      },
      {
        "ndcg_at_1": 0.28,
        "ndcg_at_3": 0.22101,
        "ndcg_at_10": 0.21486,
        "map_at_1": 0.059,
        "map_at_3": 0.107,
        "map_at_10": 0.13594,
        "recall_at_1": 0.059,
        "recall_at_3": 0.128,
        "recall_at_10": 0.213,
        "mrr_at_1": 0.28,
        "mrr_at_3": 0.336667,
        "mrr_at_10": 0.363214,
        "hit_rate_at_1": 0.28,
        "hit_rate_at_3": 0.42,
        "hit_rate_at_10": 0.56,
        "main_score": 0.21486,
        "hf_subset": "scidocs",
        "languages": [
          "nep-Deva"
        ],
        "mteb_version": "2.18.3"
      },
      {
        "ndcg_at_1": 0.24,
        "ndcg_at_3": 0.27707,
        "ndcg_at_10": 0.34449,
        "map_at_1": 0.22,
        "map_at_3": 0.25833,
        "map_at_10": 0.29229,
        "recall_at_1": 0.22,
        "recall_at_3": 0.305,
        "recall_at_10": 0.49,
        "mrr_at_1": 0.24,
        "mrr_at_3": 0.283333,
        "mrr_at_10": 0.312214,
        "hit_rate_at_1": 0.24,
        "hit_rate_at_3": 0.34,
        "hit_rate_at_10": 0.52,
        "main_score": 0.34449,
        "hf_subset": "scifact",
        "languages": [
          "nep-Deva"
        ],
        "mteb_version": "2.18.3"
      },
      {
        "ndcg_at_1": 0.34694,
        "ndcg_at_3": 0.29278,
        "ndcg_at_10": 0.30009,
        "map_at_1": 0.02513,
        "map_at_3": 0.05197,
        "map_at_10": 0.11315,
        "recall_at_1": 0.02513,
        "recall_at_3": 0.06121,
        "recall_at_10": 0.18481,
        "mrr_at_1": 0.346939,
        "mrr_at_3": 0.42517,
        "mrr_at_10": 0.495279,
        "hit_rate_at_1": 0.34694,
        "hit_rate_at_3": 0.53061,
        "hit_rate_at_10": 0.89796,