{
  "dataset_revision": "7e53250964a040dbad2aa11d95855548a7c6717e",
  "task_name": "SanoIRGeneralRetrieval.v2",
  "mteb_version": "2.18.3",
  "scores": {
    "test": [
      {
        "ndcg_at_1": 0.22727,
        "ndcg_at_3": 0.32887,
        "ndcg_at_10": 0.41399,
        "map_at_1": 0.22727,
        "map_at_3": 0.30492,
        "map_at_10": 0.34772,
        "recall_at_1": 0.22727,
        "recall_at_3": 0.39773,
        "recall_at_10": 0.625,
        "mrr_at_1": 0.227273,
        "mrr_at_3": 0.304924,
        "mrr_at_10": 0.347723,
        "hit_rate_at_1": 0.22727,
        "hit_rate_at_3": 0.39773,
        "hit_rate_at_10": 0.625,
        "main_score": 0.41399,
        "hf_subset": "agriculture",
        "languages": [
          "nep-Deva",
          "nep-Latn",
          "eng-Latn"
        ],
        "mteb_version": "2.18.3"
      },
      {
        "ndcg_at_1": 0.34146,
        "ndcg_at_3": 0.54413,
        "ndcg_at_10": 0.58017,
        "map_at_1": 0.34146,
        "map_at_3": 0.49593,
        "map_at_10": 0.51389,
        "recall_at_1": 0.34146,
        "recall_at_3": 0.68293,
        "recall_at_10": 0.78049,
        "mrr_at_1": 0.341463,
        "mrr_at_3": 0.495935,
        "mrr_at_10": 0.513889,
        "hit_rate_at_1": 0.34146,
        "hit_rate_at_3": 0.68293,
        "hit_rate_at_10": 0.78049,
        "main_score": 0.58017,
        "hf_subset": "climate-and-environment",
        "languages": [
          "nep-Deva",
          "nep-Latn",
          "eng-Latn"
        ],
        "mteb_version": "2.18.3"
      },
      {
        "ndcg_at_1": 0.42466,
        "ndcg_at_3": 0.64008,
        "ndcg_at_10": 0.67768,
        "map_at_1": 0.42466,
        "map_at_3": 0.58676,
        "map_at_10": 0.60366,
        "recall_at_1": 0.42466,
        "recall_at_3": 0.79452,
        "recall_at_10": 0.90411,
        "mrr_at_1": 0.424658,
        "mrr_at_3": 0.586758,
        "mrr_at_10": 0.603664,
        "hit_rate_at_1": 0.42466,
        "hit_rate_at_3": 0.79452,
        "hit_rate_at_10": 0.90411,
        "main_score": 0.67768,
        "hf_subset": "community-discussion",
        "languages": [
          "nep-Deva",
          "nep-Latn",
          "eng-Latn"
        ],
        "mteb_version": "2.18.3"
      },
      {
        "ndcg_at_1": 0.28,
        "ndcg_at_3": 0.43833,
        "ndcg_at_10": 0.50266,
        "map_at_1": 0.28,
        "map_at_3": 0.39667,
        "map_at_10": 0.43152,
        "recall_at_1": 0.28,
        "recall_at_3": 0.56,
        "recall_at_10": 0.72,
        "mrr_at_1": 0.28,
        "mrr_at_3": 0.396667,
        "mrr_at_10": 0.431524,
        "hit_rate_at_1": 0.28,
        "hit_rate_at_3": 0.56,
        "hit_rate_at_10": 0.72,
        "main_score": 0.50266,
        "hf_subset": "education",
        "languages": [
          "nep-Deva",
          "nep-Latn",
          "eng-Latn"
        ],
        "mteb_version": "2.18.3"
      },
      {
        "ndcg_at_1": 0.37838,
        "ndcg_at_3": 0.50772,
        "ndcg_at_10": 0.58943,
        "map_at_1": 0.37838,
        "map_at_3": 0.47748,
        "map_at_10": 0.51892,
        "recall_at_1": 0.37838,
        "recall_at_3": 0.59459,
        "recall_at_10": 0.81081,
        "mrr_at_1": 0.378378,
        "mrr_at_3": 0.477477,
        "mrr_at_10": 0.518919,
        "hit_rate_at_1": 0.37838,
        "hit_rate_at_3": 0.59459,
        "hit_rate_at_10": 0.81081,
        "main_score": 0.58943,
        "hf_subset": "energy-and-infrastructure",
        "languages": [
          "nep-Deva",
          "nep-Latn",
          "eng-Latn"
        ],
        "mteb_version": "2.18.3"
      },
      {
        "ndcg_at_1": 0.27273,
        "ndcg_at_3": 0.47402,
        "ndcg_at_10": 0.54723,
        "map_at_1": 0.27273,
        "map_at_3": 0.42424,
        "map_at_10": 0.46006,
        "recall_at_1": 0.27273,
        "recall_at_3": 0.61818,
        "recall_at_10": 0.81818,
        "mrr_at_1": 0.272727,
        "mrr_at_3": 0.424242,
        "mrr_at_10": 0.460065,
        "hit_rate_at_1": 0.27273,
        "hit_rate_at_3": 0.61818,
        "hit_rate_at_10": 0.81818,
        "main_score": 0.54723,
        "hf_subset": "health-and-nutrition",
        "languages": [
          "nep-Deva",
          "nep-Latn",
          "eng-Latn"
        ],
        "mteb_version": "2.18.3"
      },
      {
        "ndcg_at_1": 0.41304,
        "ndcg_at_3": 0.6074,
        "ndcg_at_10": 0.67067,
        "map_at_1": 0.41304,
        "map_at_3": 0.56159,
        "map_at_10": 0.5923,
        "recall_at_1": 0.41304,
        "recall_at_3": 0.73913,
        "recall_at_10": 0.91304,
        "mrr_at_1": 0.413043,
        "mrr_at_3": 0.561594,
        "mrr_at_10": 0.592296,
        "hit_rate_at_1": 0.41304,
        "hit_rate_at_3": 0.73913,
        "hit_rate_at_10": 0.91304,
        "main_score": 0.67067,
        "hf_subset": "history-and-culture",
        "languages": [
          "nep-Deva",
          "nep-Latn",
          "eng-Latn"
        ],
        "mteb_version": "2.18.3"
      },
      {
        "ndcg_at_1": 0.31481,
        "ndcg_at_3": 0.57385,
        "ndcg_at_10": 0.61551,
        "map_at_1": 0.31481,
        "map_at_3": 0.51543,
        "map_at_10": 0.53642,
        "recall_at_1": 0.31481,
        "recall_at_3": 0.74074,
        "recall_at_10": 0.85185,
        "mrr_at_1": 0.314815,
        "mrr_at_3": 0.515432,
        "mrr_at_10": 0.53642,
        "hit_rate_at_1": 0.31481,
        "hit_rate_at_3": 0.74074,
        "hit_rate_at_10": 0.85185,
        "main_score": 0.61551,
        "hf_subset": "law-and-policy",
        "languages": [
          "nep-Deva",
          "nep-Latn",
          "eng-Latn"
        ],
        "mteb_version": "2.18.3"
      },
      {
        "ndcg_at_1": 0.19101,
        "ndcg_at_3": 0.2912,
        "ndcg_at_10": 0.35594,
        "map_at_1": 0.19101,
        "map_at_3": 0.26404,
        "map_at_10": 0.2952,
        "recall_at_1": 0.19101,
        "recall_at_3": 0.37079,
        "recall_at_10": 0.55056,
        "mrr_at_1": 0.191011,
        "mrr_at_3": 0.264045,
        "mrr_at_10": 0.295202,
        "hit_rate_at_1": 0.19101,
        "hit_rate_at_3": 0.37079,
        "hit_rate_at_10": 0.55056,
        "main_score": 0.35594,
        "hf_subset": "nepal-civic-services",
        "languages": [
          "nep-Deva",
          "nep-Latn",
          "eng-Latn"
        ],
        "mteb_version": "2.18.3"
      },
      {
        "ndcg_at_1": 0.40816,
        "ndcg_at_3": 0.55199,
        "ndcg_at_10": 0.62744,
        "map_at_1": 0.40816,
        "map_at_3": 0.51701,
        "map_at_10": 0.55448,
        "recall_at_1": 0.40816,
        "recall_at_3": 0.65306,
        "recall_at_10": 0.85714,
        "mrr_at_1": 0.408163,
        "mrr_at_3": 0.517007,
        "mrr_at_10": 0.554478,
        "hit_rate_at_1": 0.40816,
        "hit_rate_at_3": 0.65306,
        "hit_rate_at_10": 0.85714,
        "main_score": 0.62744,
        "hf_subset": "personal-finance",
        "languages": [
          "nep-Deva",
          "nep-Latn",
          "eng-Latn"
        ],
        "mteb_version": "2.18.3"
      },
      {
        "ndcg_at_1": 0.33735,
        "ndcg_at_3": 0.52395,
        "ndcg_at_10": 0.58973,
        "map_at_1": 0.33735,
        "map_at_3": 0.47992,
        "map_at_10": 0.51186,
        "recall_at_1": 0.33735,
        "recall_at_3": 0.6506,
        "recall_at_10": 0.83133,
        "mrr_at_1": 0.337349,
        "mrr_at_3": 0.47992,
        "mrr_at_10": 0.511862,
        "hit_rate_at_1": 0.33735,
        "hit_rate_at_3": 0.6506,
        "hit_rate_at_10": 0.83133,
        "main_score": 0.58973,
        "hf_subset": "products-and-services",
        "languages": [
          "nep-Deva",
          "nep-Latn",
          "eng-Latn"
        ],
        "mteb_version": "2.18.3"
      },
      {
        "ndcg_at_1": 0.4,
        "ndcg_at_3": 0.53571,
        "ndcg_at_10": 0.62584,
        "map_at_1": 0.4,
        "map_at_3": 0.5,
        "map_at_10": 0.54538,
        "recall_at_1": 0.4,
        "recall_at_3": 0.64,