{
  "dataset_revision": "7e53250964a040dbad2aa11d95855548a7c6717e",
  "task_name": "SanoIRGeneralRetrieval.v2",
  "mteb_version": "2.18.3",
  "scores": {
    "test": [
      {
        "ndcg_at_1": 0.73864,
        "ndcg_at_3": 0.8286,
        "ndcg_at_10": 0.86043,
        "ndcg_at_50": 0.86043,
        "map_at_1": 0.73864,
        "map_at_3": 0.80492,
        "map_at_10": 0.81955,
        "map_at_50": 0.81955,
        "recall_at_1": 0.73864,
        "recall_at_3": 0.89773,
        "recall_at_10": 0.98864,
        "recall_at_50": 0.98864,
        "mrr_at_1": 0.738636,
        "mrr_at_3": 0.804924,
        "mrr_at_10": 0.819548,
        "mrr_at_50": 0.819548,
        "hit_rate_at_1": 0.73864,
        "hit_rate_at_3": 0.89773,
        "hit_rate_at_10": 0.98864,
        "hit_rate_at_50": 0.98864,
        "main_score": 0.86043,
        "hf_subset": "agriculture",
        "languages": [
          "nep-Deva",
          "nep-Latn",
          "eng-Latn"
        ],
        "mteb_version": "2.18.3"
      },
      {
        "ndcg_at_1": 0.78049,
        "ndcg_at_3": 0.87863,
        "ndcg_at_10": 0.88913,
        "ndcg_at_50": 0.88913,
        "map_at_1": 0.78049,
        "map_at_3": 0.85366,
        "map_at_10": 0.85976,
        "map_at_50": 0.85976,
        "recall_at_1": 0.78049,
        "recall_at_3": 0.95122,
        "recall_at_10": 0.97561,
        "recall_at_50": 0.97561,
        "mrr_at_1": 0.780488,
        "mrr_at_3": 0.853659,
        "mrr_at_10": 0.859756,
        "mrr_at_50": 0.859756,
        "hit_rate_at_1": 0.78049,
        "hit_rate_at_3": 0.95122,
        "hit_rate_at_10": 0.97561,
        "hit_rate_at_50": 0.97561,
        "main_score": 0.88913,
        "hf_subset": "climate-and-environment",
        "languages": [
          "nep-Deva",
          "nep-Latn",
          "eng-Latn"
        ],
        "mteb_version": "2.18.3"
      },
      {
        "ndcg_at_1": 0.80822,
        "ndcg_at_3": 0.89106,
        "ndcg_at_10": 0.9116,
        "ndcg_at_50": 0.9116,
        "map_at_1": 0.80822,
        "map_at_3": 0.87215,
        "map_at_10": 0.88242,
        "map_at_50": 0.88242,
        "recall_at_1": 0.80822,
        "recall_at_3": 0.94521,
        "recall_at_10": 1.0,
        "recall_at_50": 1.0,
        "mrr_at_1": 0.808219,
        "mrr_at_3": 0.872146,
        "mrr_at_10": 0.88242,
        "mrr_at_50": 0.88242,
        "hit_rate_at_1": 0.80822,
        "hit_rate_at_3": 0.94521,
        "hit_rate_at_10": 1.0,
        "hit_rate_at_50": 1.0,
        "main_score": 0.9116,
        "hf_subset": "community-discussion",
        "languages": [
          "nep-Deva",
          "nep-Latn",
          "eng-Latn"
        ],
        "mteb_version": "2.18.3"
      },
      {
        "ndcg_at_1": 0.78,
        "ndcg_at_3": 0.86571,
        "ndcg_at_10": 0.89698,
        "ndcg_at_50": 0.89698,
        "map_at_1": 0.78,
        "map_at_3": 0.84667,
        "map_at_10": 0.86317,
        "map_at_50": 0.86317,
        "recall_at_1": 0.78,
        "recall_at_3": 0.92,
        "recall_at_10": 1.0,
        "recall_at_50": 1.0,
        "mrr_at_1": 0.78,
        "mrr_at_3": 0.846667,
        "mrr_at_10": 0.863167,
        "mrr_at_50": 0.863167,
        "hit_rate_at_1": 0.78,
        "hit_rate_at_3": 0.92,
        "hit_rate_at_10": 1.0,
        "hit_rate_at_50": 1.0,
        "main_score": 0.89698,
        "hf_subset": "education",
        "languages": [
          "nep-Deva",
          "nep-Latn",
          "eng-Latn"
        ],
        "mteb_version": "2.18.3"
      },
      {
        "ndcg_at_1": 0.83784,
        "ndcg_at_3": 0.91956,
        "ndcg_at_10": 0.93002,
        "ndcg_at_50": 0.93002,
        "map_at_1": 0.83784,
        "map_at_3": 0.9009,
        "map_at_10": 0.90631,
        "map_at_50": 0.90631,
        "recall_at_1": 0.83784,
        "recall_at_3": 0.97297,
        "recall_at_10": 1.0,
        "recall_at_50": 1.0,
        "mrr_at_1": 0.837838,
        "mrr_at_3": 0.900901,
        "mrr_at_10": 0.906306,
        "mrr_at_50": 0.906306,
        "hit_rate_at_1": 0.83784,
        "hit_rate_at_3": 0.97297,
        "hit_rate_at_10": 1.0,
        "hit_rate_at_50": 1.0,
        "main_score": 0.93002,
        "hf_subset": "energy-and-infrastructure",
        "languages": [
          "nep-Deva",
          "nep-Latn",
          "eng-Latn"
        ],
        "mteb_version": "2.18.3"
      },
      {
        "ndcg_at_1": 0.81818,
        "ndcg_at_3": 0.90281,
        "ndcg_at_10": 0.91632,
        "ndcg_at_50": 0.91632,
        "map_at_1": 0.81818,
        "map_at_3": 0.88182,
        "map_at_10": 0.88848,
        "map_at_50": 0.88848,
        "recall_at_1": 0.81818,
        "recall_at_3": 0.96364,
        "recall_at_10": 1.0,
        "recall_at_50": 1.0,
        "mrr_at_1": 0.818182,
        "mrr_at_3": 0.881818,
        "mrr_at_10": 0.888485,
        "mrr_at_50": 0.888485,
        "hit_rate_at_1": 0.81818,
        "hit_rate_at_3": 0.96364,
        "hit_rate_at_10": 1.0,
        "hit_rate_at_50": 1.0,
        "main_score": 0.91632,
        "hf_subset": "health-and-nutrition",
        "languages": [
          "nep-Deva",
          "nep-Latn",
          "eng-Latn"
        ],
        "mteb_version": "2.18.3"
      },
      {
        "ndcg_at_1": 0.71739,
        "ndcg_at_3": 0.84032,
        "ndcg_at_10": 0.86583,
        "ndcg_at_50": 0.86583,
        "map_at_1": 0.71739,
        "map_at_3": 0.80797,
        "map_at_10": 0.82138,
        "map_at_50": 0.82138,
        "recall_at_1": 0.71739,
        "recall_at_3": 0.93478,
        "recall_at_10": 1.0,
        "recall_at_50": 1.0,
        "mrr_at_1": 0.717391,
        "mrr_at_3": 0.807971,
        "mrr_at_10": 0.821377,
        "mrr_at_50": 0.821377,
        "hit_rate_at_1": 0.71739,
        "hit_rate_at_3": 0.93478,
        "hit_rate_at_10": 1.0,
        "hit_rate_at_50": 1.0,
        "main_score": 0.86583,
        "hf_subset": "history-and-culture",
        "languages": [
          "nep-Deva",
          "nep-Latn",
          "eng-Latn"
        ],
        "mteb_version": "2.18.3"
      },
      {
        "ndcg_at_1": 0.88889,
        "ndcg_at_3": 0.94246,
        "ndcg_at_10": 0.94246,
        "ndcg_at_50": 0.94589,
        "map_at_1": 0.88889,
        "map_at_3": 0.92901,
        "map_at_10": 0.92901,
        "map_at_50": 0.92946,
        "recall_at_1": 0.88889,
        "recall_at_3": 0.98148,
        "recall_at_10": 0.98148,
        "recall_at_50": 1.0,
        "mrr_at_1": 0.888889,
        "mrr_at_3": 0.929012,
        "mrr_at_10": 0.929012,
        "mrr_at_50": 0.929464,
        "hit_rate_at_1": 0.88889,
        "hit_rate_at_3": 0.98148,
        "hit_rate_at_10": 0.98148,
        "hit_rate_at_50": 1.0,
        "main_score": 0.94246,
        "hf_subset": "law-and-policy",
        "languages": [
          "nep-Deva",
          "nep-Latn",
          "eng-Latn"
        ],
        "mteb_version": "2.18.3"
      },
      {
        "ndcg_at_1": 0.51685,
        "ndcg_at_3": 0.64125,
        "ndcg_at_10": 0.68779,
        "ndcg_at_50": 0.71487,
        "map_at_1": 0.51685,
        "map_at_3": 0.61049,
        "map_at_10": 0.63409,
        "map_at_50": 0.64095,
        "recall_at_1": 0.51685,
        "recall_at_3": 0.73034,
        "recall_at_10": 0.85393,
        "recall_at_50": 0.96629,
        "mrr_at_1": 0.516854,
        "mrr_at_3": 0.610487,
        "mrr_at_10": 0.634091,
        "mrr_at_50": 0.640948,
        "hit_rate_at_1": 0.51685,
        "hit_rate_at_3": 0.73034,
        "hit_rate_at_10": 0.85393,
        "hit_rate_at_50": 0.96629,
        "main_score": 0.68779,
        "hf_subset": "nepal-civic-services",
        "languages": [
          "nep-Deva",
          "nep-Latn",
          "eng-Latn"
        ],
        "mteb_version": "2.18.3"
      },
      {
        "ndcg_at_1": 0.77551,
        "ndcg_at_3": 0.89626,
        "ndcg_at_10": 0.89626,
        "ndcg_at_50": 0.90115,
        "map_at_1": 0.77551,
        "map_at_3": 0.86735,
        "map_at_10": 0.86735,
        "map_at_50": 0.86855,