{
  "dataset_revision": "7e53250964a040dbad2aa11d95855548a7c6717e",
  "task_name": "SanoIRGeneralRetrieval.v2",
  "mteb_version": "2.18.3",
  "scores": {
    "test": [
      {
        "ndcg_at_1": 0.40909,
        "ndcg_at_3": 0.59767,
        "ndcg_at_10": 0.63834,
        "map_at_1": 0.40909,
        "map_at_3": 0.54924,
        "map_at_10": 0.56851,
        "recall_at_1": 0.40909,
        "recall_at_3": 0.73864,
        "recall_at_10": 0.85227,
        "mrr_at_1": 0.409091,
        "mrr_at_3": 0.549242,
        "mrr_at_10": 0.568511,
        "hit_rate_at_1": 0.40909,
        "hit_rate_at_3": 0.73864,
        "hit_rate_at_10": 0.85227,
        "main_score": 0.63834,
        "hf_subset": "agriculture",
        "languages": [
          "nep-Deva",
          "nep-Latn",
          "eng-Latn"
        ],
        "mteb_version": "2.18.3"
      },
      {
        "ndcg_at_1": 0.56098,
        "ndcg_at_3": 0.73925,
        "ndcg_at_10": 0.76163,
        "map_at_1": 0.56098,
        "map_at_3": 0.69919,
        "map_at_10": 0.70766,
        "recall_at_1": 0.56098,
        "recall_at_3": 0.85366,
        "recall_at_10": 0.92683,
        "mrr_at_1": 0.560976,
        "mrr_at_3": 0.699187,
        "mrr_at_10": 0.707656,
        "hit_rate_at_1": 0.56098,
        "hit_rate_at_3": 0.85366,
        "hit_rate_at_10": 0.92683,
        "main_score": 0.76163,
        "hf_subset": "climate-and-environment",
        "languages": [
          "nep-Deva",
          "nep-Latn",
          "eng-Latn"
        ],
        "mteb_version": "2.18.3"
      },
      {
        "ndcg_at_1": 0.57534,
        "ndcg_at_3": 0.75652,
        "ndcg_at_10": 0.79083,
        "map_at_1": 0.57534,
        "map_at_3": 0.71461,
        "map_at_10": 0.73101,
        "recall_at_1": 0.57534,
        "recall_at_3": 0.87671,
        "recall_at_10": 0.9726,
        "mrr_at_1": 0.575342,
        "mrr_at_3": 0.714612,
        "mrr_at_10": 0.731007,
        "hit_rate_at_1": 0.57534,
        "hit_rate_at_3": 0.87671,
        "hit_rate_at_10": 0.9726,
        "main_score": 0.79083,
        "hf_subset": "community-discussion",
        "languages": [
          "nep-Deva",
          "nep-Latn",
          "eng-Latn"
        ],
        "mteb_version": "2.18.3"
      },
      {
        "ndcg_at_1": 0.38,
        "ndcg_at_3": 0.60928,
        "ndcg_at_10": 0.65924,
        "map_at_1": 0.38,
        "map_at_3": 0.55667,
        "map_at_10": 0.5805,
        "recall_at_1": 0.38,
        "recall_at_3": 0.76,
        "recall_at_10": 0.9,
        "mrr_at_1": 0.38,
        "mrr_at_3": 0.556667,
        "mrr_at_10": 0.5805,
        "hit_rate_at_1": 0.38,
        "hit_rate_at_3": 0.76,
        "hit_rate_at_10": 0.9,
        "main_score": 0.65924,
        "hf_subset": "education",
        "languages": [
          "nep-Deva",
          "nep-Latn",
          "eng-Latn"
        ],
        "mteb_version": "2.18.3"
      },
      {
        "ndcg_at_1": 0.37838,
        "ndcg_at_3": 0.57593,
        "ndcg_at_10": 0.62719,
        "map_at_1": 0.37838,
        "map_at_3": 0.53153,
        "map_at_10": 0.55788,
        "recall_at_1": 0.37838,
        "recall_at_3": 0.7027,
        "recall_at_10": 0.83784,
        "mrr_at_1": 0.378378,
        "mrr_at_3": 0.531532,
        "mrr_at_10": 0.557883,
        "hit_rate_at_1": 0.37838,
        "hit_rate_at_3": 0.7027,
        "hit_rate_at_10": 0.83784,
        "main_score": 0.62719,
        "hf_subset": "energy-and-infrastructure",
        "languages": [
          "nep-Deva",
          "nep-Latn",
          "eng-Latn"
        ],
        "mteb_version": "2.18.3"
      },
      {
        "ndcg_at_1": 0.43636,
        "ndcg_at_3": 0.63571,
        "ndcg_at_10": 0.69855,
        "map_at_1": 0.43636,
        "map_at_3": 0.59091,
        "map_at_10": 0.62341,
        "recall_at_1": 0.43636,
        "recall_at_3": 0.76364,
        "recall_at_10": 0.92727,
        "mrr_at_1": 0.436364,
        "mrr_at_3": 0.590909,
        "mrr_at_10": 0.623405,
        "hit_rate_at_1": 0.43636,
        "hit_rate_at_3": 0.76364,
        "hit_rate_at_10": 0.92727,
        "main_score": 0.69855,
        "hf_subset": "health-and-nutrition",
        "languages": [
          "nep-Deva",
          "nep-Latn",
          "eng-Latn"
        ],
        "mteb_version": "2.18.3"
      },
      {
        "ndcg_at_1": 0.54348,
        "ndcg_at_3": 0.73783,
        "ndcg_at_10": 0.76901,
        "map_at_1": 0.54348,
        "map_at_3": 0.69203,
        "map_at_10": 0.70694,
        "recall_at_1": 0.54348,
        "recall_at_3": 0.86957,
        "recall_at_10": 0.95652,
        "mrr_at_1": 0.543478,
        "mrr_at_3": 0.692029,
        "mrr_at_10": 0.706944,
        "hit_rate_at_1": 0.54348,
        "hit_rate_at_3": 0.86957,
        "hit_rate_at_10": 0.95652,
        "main_score": 0.76901,
        "hf_subset": "history-and-culture",
        "languages": [
          "nep-Deva",
          "nep-Latn",
          "eng-Latn"
        ],
        "mteb_version": "2.18.3"
      },
      {
        "ndcg_at_1": 0.51852,
        "ndcg_at_3": 0.75903,
        "ndcg_at_10": 0.79389,
        "map_at_1": 0.51852,
        "map_at_3": 0.70679,
        "map_at_10": 0.72446,
        "recall_at_1": 0.51852,
        "recall_at_3": 0.90741,
        "recall_at_10": 1.0,
        "mrr_at_1": 0.518519,
        "mrr_at_3": 0.70679,
        "mrr_at_10": 0.724456,
        "hit_rate_at_1": 0.51852,
        "hit_rate_at_3": 0.90741,
        "hit_rate_at_10": 1.0,
        "main_score": 0.79389,
        "hf_subset": "law-and-policy",
        "languages": [
          "nep-Deva",
          "nep-Latn",
          "eng-Latn"
        ],
        "mteb_version": "2.18.3"
      },
      {
        "ndcg_at_1": 0.32584,
        "ndcg_at_3": 0.49571,
        "ndcg_at_10": 0.56636,
        "map_at_1": 0.32584,
        "map_at_3": 0.45693,
        "map_at_10": 0.49191,
        "recall_at_1": 0.32584,
        "recall_at_3": 0.60674,
        "recall_at_10": 0.79775,
        "mrr_at_1": 0.325843,
        "mrr_at_3": 0.456929,
        "mrr_at_10": 0.491912,
        "hit_rate_at_1": 0.32584,
        "hit_rate_at_3": 0.60674,
        "hit_rate_at_10": 0.79775,
        "main_score": 0.56636,
        "hf_subset": "nepal-civic-services",
        "languages": [
          "nep-Deva",
          "nep-Latn",
          "eng-Latn"
        ],
        "mteb_version": "2.18.3"
      },
      {
        "ndcg_at_1": 0.55102,
        "ndcg_at_3": 0.7308,
        "ndcg_at_10": 0.76769,
        "map_at_1": 0.55102,
        "map_at_3": 0.68707,
        "map_at_10": 0.70493,
        "recall_at_1": 0.55102,
        "recall_at_3": 0.85714,
        "recall_at_10": 0.95918,
        "mrr_at_1": 0.55102,
        "mrr_at_3": 0.687075,
        "mrr_at_10": 0.704932,
        "hit_rate_at_1": 0.55102,
        "hit_rate_at_3": 0.85714,
        "hit_rate_at_10": 0.95918,
        "main_score": 0.76769,
        "hf_subset": "personal-finance",
        "languages": [
          "nep-Deva",
          "nep-Latn",
          "eng-Latn"
        ],
        "mteb_version": "2.18.3"
      },
      {
        "ndcg_at_1": 0.51807,
        "ndcg_at_3": 0.71514,
        "ndcg_at_10": 0.75781,
        "map_at_1": 0.51807,
        "map_at_3": 0.66667,
        "map_at_10": 0.68936,
        "recall_at_1": 0.51807,
        "recall_at_3": 0.85542,
        "recall_at_10": 0.96386,
        "mrr_at_1": 0.518072,
        "mrr_at_3": 0.666667,
        "mrr_at_10": 0.689357,
        "hit_rate_at_1": 0.51807,
        "hit_rate_at_3": 0.85542,
        "hit_rate_at_10": 0.96386,
        "main_score": 0.75781,
        "hf_subset": "products-and-services",
        "languages": [
          "nep-Deva",
          "nep-Latn",
          "eng-Latn"
        ],
        "mteb_version": "2.18.3"
      },
      {
        "ndcg_at_1": 0.52,
        "ndcg_at_3": 0.7188,
        "ndcg_at_10": 0.77054,
        "map_at_1": 0.52,
        "map_at_3": 0.67,
        "map_at_10": 0.69555,
        "recall_at_1": 0.52,
        "recall_at_3": 0.86,