{
  "dataset_revision": "dbe0a6befdfce448982392bd461ac5d16485e99e",
  "task_name": "NanoBEIRNepaliRetrieval.v5",
  "mteb_version": "2.18.3",
  "scores": {
    "test": [
      {
        "ndcg_at_1": 0.2,
        "ndcg_at_3": 0.39619,
        "ndcg_at_10": 0.48953,
        "ndcg_at_50": 0.5128,
        "map_at_1": 0.2,
        "map_at_3": 0.34667,
        "map_at_10": 0.39138,
        "map_at_50": 0.39693,
        "recall_at_1": 0.2,
        "recall_at_3": 0.54,
        "recall_at_10": 0.8,
        "recall_at_50": 0.9,
        "mrr_at_1": 0.2,
        "mrr_at_3": 0.346667,
        "mrr_at_10": 0.396381,
        "mrr_at_50": 0.401929,
        "hit_rate_at_1": 0.2,
        "hit_rate_at_3": 0.54,
        "hit_rate_at_10": 0.8,
        "hit_rate_at_50": 0.9,
        "main_score": 0.48953,
        "hf_subset": "arguana",
        "languages": [
          "nep-Deva"
        ],
        "mteb_version": "2.18.3"
      },
      {
        "ndcg_at_1": 0.26,
        "ndcg_at_3": 0.21773,
        "ndcg_at_10": 0.28981,
        "ndcg_at_50": 0.34563,
        "map_at_1": 0.13833,
        "map_at_3": 0.16639,
        "map_at_10": 0.20125,
        "map_at_50": 0.21581,
        "recall_at_1": 0.13833,
        "recall_at_3": 0.19833,
        "recall_at_10": 0.36533,
        "recall_at_50": 0.55367,
        "mrr_at_1": 0.26,
        "mrr_at_3": 0.323333,
        "mrr_at_10": 0.377667,
        "mrr_at_50": 0.386049,
        "hit_rate_at_1": 0.26,
        "hit_rate_at_3": 0.4,
        "hit_rate_at_10": 0.7,
        "hit_rate_at_50": 0.9,
        "main_score": 0.28981,
        "hf_subset": "climatefever",
        "languages": [
          "nep-Deva"
        ],
        "mteb_version": "2.18.3"
      },
      {
        "ndcg_at_1": 0.66,
        "ndcg_at_3": 0.62123,
        "ndcg_at_10": 0.56858,
        "ndcg_at_50": 0.57568,
        "map_at_1": 0.09697,
        "map_at_3": 0.15329,
        "map_at_10": 0.25022,
        "map_at_50": 0.38292,
        "recall_at_1": 0.09697,
        "recall_at_3": 0.16904,
        "recall_at_10": 0.32754,
        "recall_at_50": 0.61794,
        "mrr_at_1": 0.66,
        "mrr_at_3": 0.77,
        "mrr_at_10": 0.78519,
        "mrr_at_50": 0.78691,
        "hit_rate_at_1": 0.66,
        "hit_rate_at_3": 0.88,
        "hit_rate_at_10": 0.96,
        "hit_rate_at_50": 1.0,
        "main_score": 0.56858,
        "hf_subset": "dbpedia",
        "languages": [
          "nep-Deva"
        ],
        "mteb_version": "2.18.3"
      },
      {
        "ndcg_at_1": 0.74,
        "ndcg_at_3": 0.82147,
        "ndcg_at_10": 0.83993,
        "ndcg_at_50": 0.85002,
        "map_at_1": 0.71667,
        "map_at_3": 0.79167,
        "map_at_10": 0.80117,
        "map_at_50": 0.80372,
        "recall_at_1": 0.71667,
        "recall_at_3": 0.87667,
        "recall_at_10": 0.92667,
        "recall_at_50": 0.96333,
        "mrr_at_1": 0.74,
        "mrr_at_3": 0.823333,
        "mrr_at_10": 0.830833,
        "mrr_at_50": 0.833622,
        "hit_rate_at_1": 0.74,
        "hit_rate_at_3": 0.92,
        "hit_rate_at_10": 0.96,
        "hit_rate_at_50": 1.0,
        "main_score": 0.83993,
        "hf_subset": "fever",
        "languages": [
          "nep-Deva"
        ],
        "mteb_version": "2.18.3"
      },
      {
        "ndcg_at_1": 0.34,
        "ndcg_at_3": 0.4012,
        "ndcg_at_10": 0.42365,
        "ndcg_at_50": 0.46986,
        "map_at_1": 0.20752,
        "map_at_3": 0.32046,
        "map_at_10": 0.35452,
        "map_at_50": 0.36656,
        "recall_at_1": 0.20752,
        "recall_at_3": 0.40574,
        "recall_at_10": 0.5061,
        "recall_at_50": 0.66975,
        "mrr_at_1": 0.34,
        "mrr_at_3": 0.446667,
        "mrr_at_10": 0.461746,
        "mrr_at_50": 0.471109,
        "hit_rate_at_1": 0.34,
        "hit_rate_at_3": 0.58,
        "hit_rate_at_10": 0.66,
        "hit_rate_at_50": 0.84,
        "main_score": 0.42365,
        "hf_subset": "fiqa2018",
        "languages": [
          "nep-Deva"
        ],
        "mteb_version": "2.18.3"
      },
      {
        "ndcg_at_1": 0.82,
        "ndcg_at_3": 0.67431,
        "ndcg_at_10": 0.75174,
        "ndcg_at_50": 0.78487,
        "map_at_1": 0.41,
        "map_at_3": 0.6,
        "map_at_10": 0.65478,
        "map_at_50": 0.66682,
        "recall_at_1": 0.41,
        "recall_at_3": 0.64,
        "recall_at_10": 0.82,
        "recall_at_50": 0.94,
        "mrr_at_1": 0.82,
        "mrr_at_3": 0.873333,
        "mrr_at_10": 0.88119,
        "mrr_at_50": 0.88119,
        "hit_rate_at_1": 0.82,
        "hit_rate_at_3": 0.94,
        "hit_rate_at_10": 0.98,
        "hit_rate_at_50": 0.98,
        "main_score": 0.75174,
        "hf_subset": "hotpotqa",
        "languages": [
          "nep-Deva"
        ],
        "mteb_version": "2.18.3"
      },
      {
        "ndcg_at_1": 0.28,
        "ndcg_at_3": 0.41095,
        "ndcg_at_10": 0.51342,
        "ndcg_at_50": 0.55214,
        "map_at_1": 0.28,
        "map_at_3": 0.38,
        "map_at_10": 0.43025,
        "map_at_50": 0.43793,
        "recall_at_1": 0.28,
        "recall_at_3": 0.5,
        "recall_at_10": 0.78,
        "recall_at_50": 0.96,
        "mrr_at_1": 0.28,
        "mrr_at_3": 0.38,
        "mrr_at_10": 0.430246,
        "mrr_at_50": 0.437933,
        "hit_rate_at_1": 0.28,
        "hit_rate_at_3": 0.5,
        "hit_rate_at_10": 0.78,
        "hit_rate_at_50": 0.96,
        "main_score": 0.51342,
        "hf_subset": "msmarco",
        "languages": [
          "nep-Deva"
        ],
        "mteb_version": "2.18.3"
      },
      {
        "ndcg_at_1": 0.32,
        "ndcg_at_3": 0.30101,
        "ndcg_at_10": 0.23216,
        "ndcg_at_50": 0.18866,
        "map_at_1": 0.03259,
        "map_at_3": 0.04868,
        "map_at_10": 0.07323,
        "map_at_50": 0.0866,
        "recall_at_1": 0.03259,
        "recall_at_3": 0.05165,
        "recall_at_10": 0.08971,
        "recall_at_50": 0.15951,
        "mrr_at_1": 0.32,
        "mrr_at_3": 0.356667,
        "mrr_at_10": 0.377524,
        "mrr_at_50": 0.385927,
        "hit_rate_at_1": 0.32,
        "hit_rate_at_3": 0.42,
        "hit_rate_at_10": 0.56,
        "hit_rate_at_50": 0.72,
        "main_score": 0.23216,
        "hf_subset": "nfcorpus",
        "languages": [
          "nep-Deva"
        ],
        "mteb_version": "2.18.3"
      },
      {
        "ndcg_at_1": 0.36,
        "ndcg_at_3": 0.42625,
        "ndcg_at_10": 0.50242,
        "ndcg_at_50": 0.53295,
        "map_at_1": 0.35,
        "map_at_3": 0.40333,
        "map_at_10": 0.43982,
        "map_at_50": 0.44726,
        "recall_at_1": 0.35,
        "recall_at_3": 0.48,
        "recall_at_10": 0.68,
        "recall_at_50": 0.81,
        "mrr_at_1": 0.36,
        "mrr_at_3": 0.416667,
        "mrr_at_10": 0.454802,
        "mrr_at_50": 0.461245,
        "hit_rate_at_1": 0.36,
        "hit_rate_at_3": 0.5,
        "hit_rate_at_10": 0.72,
        "hit_rate_at_50": 0.84,
        "main_score": 0.50242,
        "hf_subset": "nq",
        "languages": [
          "nep-Deva"
        ],
        "mteb_version": "2.18.3"
      },
      {
        "ndcg_at_1": 0.86,
        "ndcg_at_3": 0.84143,
        "ndcg_at_10": 0.88802,
        "ndcg_at_50": 0.89455,
        "map_at_1": 0.73733,
        "map_at_3": 0.81511,
        "map_at_10": 0.84909,
        "map_at_50": 0.85212,
        "recall_at_1": 0.73733,
        "recall_at_3": 0.844,
        "recall_at_10": 0.97667,
        "recall_at_50": 0.99333,
        "mrr_at_1": 0.86,
        "mrr_at_3": 0.876667,
        "mrr_at_10": 0.890722,
        "mrr_at_50": 0.890722,
        "hit_rate_at_1": 0.86,
        "hit_rate_at_3": 0.9,
        "hit_rate_at_10": 1.0,
        "hit_rate_at_50": 1.0,
        "main_score": 0.88802,
        "hf_subset": "quoraretrieval",
        "languages": [
          "nep-Deva"
        ],
        "mteb_version": "2.18.3"
      },
      {
        "ndcg_at_1": 0.34,
        "ndcg_at_3": 0.25285,
        "ndcg_at_10": 0.25325,
        "ndcg_at_50": 0.33816,