{
  "dataset_revision": "7e53250964a040dbad2aa11d95855548a7c6717e",
  "task_name": "SanoIRGeneralRetrieval.v2",
  "mteb_version": "2.18.3",
  "scores": {
    "test": [
      {
        "ndcg_at_1": 0.60227,
        "ndcg_at_3": 0.75108,
        "ndcg_at_10": 0.77715,
        "map_at_1": 0.60227,
        "map_at_3": 0.71591,
        "map_at_10": 0.72927,
        "recall_at_1": 0.60227,
        "recall_at_3": 0.85227,
        "recall_at_10": 0.92045,
        "mrr_at_1": 0.602273,
        "mrr_at_3": 0.715909,
        "mrr_at_10": 0.729275,
        "hit_rate_at_1": 0.60227,
        "hit_rate_at_3": 0.85227,
        "hit_rate_at_10": 0.92045,
        "main_score": 0.77715,
        "hf_subset": "agriculture",
        "languages": [
          "nep-Deva",
          "nep-Latn",
          "eng-Latn"
        ],
        "mteb_version": "2.18.3"
      },
      {
        "ndcg_at_1": 0.78049,
        "ndcg_at_3": 0.89402,
        "ndcg_at_10": 0.9027,
        "map_at_1": 0.78049,
        "map_at_3": 0.86585,
        "map_at_10": 0.86992,
        "recall_at_1": 0.78049,
        "recall_at_3": 0.97561,
        "recall_at_10": 1.0,
        "mrr_at_1": 0.780488,
        "mrr_at_3": 0.865854,
        "mrr_at_10": 0.869919,
        "hit_rate_at_1": 0.78049,
        "hit_rate_at_3": 0.97561,
        "hit_rate_at_10": 1.0,
        "main_score": 0.9027,
        "hf_subset": "climate-and-environment",
        "languages": [
          "nep-Deva",
          "nep-Latn",
          "eng-Latn"
        ],
        "mteb_version": "2.18.3"
      },
      {
        "ndcg_at_1": 0.63014,
        "ndcg_at_3": 0.84083,
        "ndcg_at_10": 0.84673,
        "map_at_1": 0.63014,
        "map_at_3": 0.79452,
        "map_at_10": 0.79795,
        "recall_at_1": 0.63014,
        "recall_at_3": 0.9726,
        "recall_at_10": 0.9863,
        "mrr_at_1": 0.630137,
        "mrr_at_3": 0.794521,
        "mrr_at_10": 0.797945,
        "hit_rate_at_1": 0.63014,
        "hit_rate_at_3": 0.9726,
        "hit_rate_at_10": 0.9863,
        "main_score": 0.84673,
        "hf_subset": "community-discussion",
        "languages": [
          "nep-Deva",
          "nep-Latn",
          "eng-Latn"
        ],
        "mteb_version": "2.18.3"
      },
      {
        "ndcg_at_1": 0.72,
        "ndcg_at_3": 0.85095,
        "ndcg_at_10": 0.86535,
        "map_at_1": 0.72,
        "map_at_3": 0.82,
        "map_at_10": 0.82686,
        "recall_at_1": 0.72,
        "recall_at_3": 0.94,
        "recall_at_10": 0.98,
        "mrr_at_1": 0.72,
        "mrr_at_3": 0.82,
        "mrr_at_10": 0.826857,
        "hit_rate_at_1": 0.72,
        "hit_rate_at_3": 0.94,
        "hit_rate_at_10": 0.98,
        "main_score": 0.86535,
        "hf_subset": "education",
        "languages": [
          "nep-Deva",
          "nep-Latn",
          "eng-Latn"
        ],
        "mteb_version": "2.18.3"
      },
      {
        "ndcg_at_1": 0.83784,
        "ndcg_at_3": 0.93661,
        "ndcg_at_10": 0.93661,
        "map_at_1": 0.83784,
        "map_at_3": 0.91441,
        "map_at_10": 0.91441,
        "recall_at_1": 0.83784,
        "recall_at_3": 1.0,
        "recall_at_10": 1.0,
        "mrr_at_1": 0.837838,
        "mrr_at_3": 0.914414,
        "mrr_at_10": 0.914414,
        "hit_rate_at_1": 0.83784,
        "hit_rate_at_3": 1.0,
        "hit_rate_at_10": 1.0,
        "main_score": 0.93661,
        "hf_subset": "energy-and-infrastructure",
        "languages": [
          "nep-Deva",
          "nep-Latn",
          "eng-Latn"
        ],
        "mteb_version": "2.18.3"
      },
      {
        "ndcg_at_1": 0.6,
        "ndcg_at_3": 0.81753,
        "ndcg_at_10": 0.83239,
        "map_at_1": 0.6,
        "map_at_3": 0.76667,
        "map_at_10": 0.77485,
        "recall_at_1": 0.6,
        "recall_at_3": 0.96364,
        "recall_at_10": 1.0,
        "mrr_at_1": 0.6,
        "mrr_at_3": 0.766667,
        "mrr_at_10": 0.774848,
        "hit_rate_at_1": 0.6,
        "hit_rate_at_3": 0.96364,
        "hit_rate_at_10": 1.0,
        "main_score": 0.83239,
        "hf_subset": "health-and-nutrition",
        "languages": [
          "nep-Deva",
          "nep-Latn",
          "eng-Latn"
        ],
        "mteb_version": "2.18.3"
      },
      {
        "ndcg_at_1": 0.65217,
        "ndcg_at_3": 0.79684,
        "ndcg_at_10": 0.82147,
        "map_at_1": 0.65217,
        "map_at_3": 0.75725,
        "map_at_10": 0.76975,
        "recall_at_1": 0.65217,
        "recall_at_3": 0.91304,
        "recall_at_10": 0.97826,
        "mrr_at_1": 0.652174,
        "mrr_at_3": 0.757246,
        "mrr_at_10": 0.769746,
        "hit_rate_at_1": 0.65217,
        "hit_rate_at_3": 0.91304,
        "hit_rate_at_10": 0.97826,
        "main_score": 0.82147,
        "hf_subset": "history-and-culture",
        "languages": [
          "nep-Deva",
          "nep-Latn",
          "eng-Latn"
        ],
        "mteb_version": "2.18.3"
      },
      {
        "ndcg_at_1": 0.64815,
        "ndcg_at_3": 0.83024,
        "ndcg_at_10": 0.83822,
        "map_at_1": 0.64815,
        "map_at_3": 0.79012,
        "map_at_10": 0.79475,
        "recall_at_1": 0.64815,
        "recall_at_3": 0.94444,
        "recall_at_10": 0.96296,
        "mrr_at_1": 0.648148,
        "mrr_at_3": 0.790123,
        "mrr_at_10": 0.794753,
        "hit_rate_at_1": 0.64815,
        "hit_rate_at_3": 0.94444,
        "hit_rate_at_10": 0.96296,
        "main_score": 0.83822,
        "hf_subset": "law-and-policy",
        "languages": [
          "nep-Deva",
          "nep-Latn",
          "eng-Latn"
        ],
        "mteb_version": "2.18.3"
      },
      {
        "ndcg_at_1": 0.50562,
        "ndcg_at_3": 0.62854,
        "ndcg_at_10": 0.6661,
        "map_at_1": 0.50562,
        "map_at_3": 0.59738,
        "map_at_10": 0.61602,
        "recall_at_1": 0.50562,
        "recall_at_3": 0.7191,
        "recall_at_10": 0.82022,
        "mrr_at_1": 0.505618,
        "mrr_at_3": 0.597378,
        "mrr_at_10": 0.616025,
        "hit_rate_at_1": 0.50562,
        "hit_rate_at_3": 0.7191,
        "hit_rate_at_10": 0.82022,
        "main_score": 0.6661,
        "hf_subset": "nepal-civic-services",
        "languages": [
          "nep-Deva",
          "nep-Latn",
          "eng-Latn"
        ],
        "mteb_version": "2.18.3"
      },
      {
        "ndcg_at_1": 0.71429,
        "ndcg_at_3": 0.84523,
        "ndcg_at_10": 0.86919,
        "map_at_1": 0.71429,
        "map_at_3": 0.81293,
        "map_at_10": 0.82551,
        "recall_at_1": 0.71429,
        "recall_at_3": 0.93878,
        "recall_at_10": 1.0,
        "mrr_at_1": 0.714286,
        "mrr_at_3": 0.812925,
        "mrr_at_10": 0.82551,
        "hit_rate_at_1": 0.71429,
        "hit_rate_at_3": 0.93878,
        "hit_rate_at_10": 1.0,
        "main_score": 0.86919,
        "hf_subset": "personal-finance",
        "languages": [
          "nep-Deva",
          "nep-Latn",
          "eng-Latn"
        ],
        "mteb_version": "2.18.3"
      },
      {
        "ndcg_at_1": 0.78313,
        "ndcg_at_3": 0.9016,
        "ndcg_at_10": 0.91198,
        "map_at_1": 0.78313,
        "map_at_3": 0.8755,
        "map_at_10": 0.88153,
        "recall_at_1": 0.78313,
        "recall_at_3": 0.9759,
        "recall_at_10": 1.0,
        "mrr_at_1": 0.783133,
        "mrr_at_3": 0.875502,
        "mrr_at_10": 0.881526,
        "hit_rate_at_1": 0.78313,
        "hit_rate_at_3": 0.9759,
        "hit_rate_at_10": 1.0,
        "main_score": 0.91198,
        "hf_subset": "products-and-services",
        "languages": [
          "nep-Deva",
          "nep-Latn",
          "eng-Latn"
        ],
        "mteb_version": "2.18.3"
      },
      {
        "ndcg_at_1": 0.7,
        "ndcg_at_3": 0.87404,
        "ndcg_at_10": 0.88178,
        "map_at_1": 0.7,
        "map_at_3": 0.83667,
        "map_at_10": 0.84067,
        "recall_at_1": 0.7,
        "recall_at_3": 0.98,
        "recall_at_10": 1.0,
        "mrr_at_1": 0.7,
        "mrr_at_3": 0.836667,