{
  "dataset_revision": "dbe0a6befdfce448982392bd461ac5d16485e99e",
  "task_name": "NanoBEIRNepaliRetrieval.v5",
  "mteb_version": "2.18.3",
  "scores": {
    "test": [
      {
        "ndcg_at_1": 0.14,
        "ndcg_at_3": 0.3288,
        "ndcg_at_10": 0.42632,
        "ndcg_at_50": 0.4682,
        "map_at_1": 0.14,
        "map_at_3": 0.28333,
        "map_at_10": 0.32801,
        "map_at_50": 0.33807,
        "recall_at_1": 0.14,
        "recall_at_3": 0.46,
        "recall_at_10": 0.74,
        "recall_at_50": 0.92,
        "mrr_at_1": 0.14,
        "mrr_at_3": 0.28,
        "mrr_at_10": 0.329897,
        "mrr_at_50": 0.339961,
        "hit_rate_at_1": 0.14,
        "hit_rate_at_3": 0.46,
        "hit_rate_at_10": 0.74,
        "hit_rate_at_50": 0.92,
        "main_score": 0.42632,
        "hf_subset": "arguana",
        "languages": [
          "nep-Deva"
        ],
        "mteb_version": "2.18.3"
      },
      {
        "ndcg_at_1": 0.12,
        "ndcg_at_3": 0.13587,
        "ndcg_at_10": 0.18065,
        "ndcg_at_50": 0.23525,
        "map_at_1": 0.07833,
        "map_at_3": 0.10583,
        "map_at_10": 0.12494,
        "map_at_50": 0.13684,
        "recall_at_1": 0.07833,
        "recall_at_3": 0.14,
        "recall_at_10": 0.239,
        "recall_at_50": 0.423,
        "mrr_at_1": 0.12,
        "mrr_at_3": 0.18,
        "mrr_at_10": 0.218024,
        "mrr_at_50": 0.232268,
        "hit_rate_at_1": 0.12,
        "hit_rate_at_3": 0.26,
        "hit_rate_at_10": 0.48,
        "hit_rate_at_50": 0.78,
        "main_score": 0.18065,
        "hf_subset": "climatefever",
        "languages": [
          "nep-Deva"
        ],
        "mteb_version": "2.18.3"
      },
      {
        "ndcg_at_1": 0.54,
        "ndcg_at_3": 0.50187,
        "ndcg_at_10": 0.45722,
        "ndcg_at_50": 0.46928,
        "map_at_1": 0.0817,
        "map_at_3": 0.12707,
        "map_at_10": 0.19187,
        "map_at_50": 0.29498,
        "recall_at_1": 0.0817,
        "recall_at_3": 0.14085,
        "recall_at_10": 0.25334,
        "recall_at_50": 0.49837,
        "mrr_at_1": 0.54,
        "mrr_at_3": 0.64,
        "mrr_at_10": 0.654048,
        "mrr_at_50": 0.660321,
        "hit_rate_at_1": 0.54,
        "hit_rate_at_3": 0.76,
        "hit_rate_at_10": 0.84,
        "hit_rate_at_50": 0.96,
        "main_score": 0.45722,
        "hf_subset": "dbpedia",
        "languages": [
          "nep-Deva"
        ],
        "mteb_version": "2.18.3"
      },
      {
        "ndcg_at_1": 0.36,
        "ndcg_at_3": 0.46373,
        "ndcg_at_10": 0.5324,
        "ndcg_at_50": 0.57293,
        "map_at_1": 0.34667,
        "map_at_3": 0.42833,
        "map_at_10": 0.4636,
        "map_at_50": 0.47496,
        "recall_at_1": 0.34667,
        "recall_at_3": 0.54667,
        "recall_at_10": 0.72667,
        "recall_at_50": 0.88667,
        "mrr_at_1": 0.36,
        "mrr_at_3": 0.45,
        "mrr_at_10": 0.48327,
        "mrr_at_50": 0.493077,
        "hit_rate_at_1": 0.36,
        "hit_rate_at_3": 0.58,
        "hit_rate_at_10": 0.76,
        "hit_rate_at_50": 0.9,
        "main_score": 0.5324,
        "hf_subset": "fever",
        "languages": [
          "nep-Deva"
        ],
        "mteb_version": "2.18.3"
      },
      {
        "ndcg_at_1": 0.32,
        "ndcg_at_3": 0.24145,
        "ndcg_at_10": 0.2729,
        "ndcg_at_50": 0.31141,
        "map_at_1": 0.16506,
        "map_at_3": 0.18672,
        "map_at_10": 0.21574,
        "map_at_50": 0.22339,
        "recall_at_1": 0.16506,
        "recall_at_3": 0.20756,
        "recall_at_10": 0.31891,
        "recall_at_50": 0.46982,
        "mrr_at_1": 0.32,
        "mrr_at_3": 0.336667,
        "mrr_at_10": 0.358246,
        "mrr_at_50": 0.365665,
        "hit_rate_at_1": 0.32,
        "hit_rate_at_3": 0.36,
        "hit_rate_at_10": 0.48,
        "hit_rate_at_50": 0.66,
        "main_score": 0.2729,
        "hf_subset": "fiqa2018",
        "languages": [
          "nep-Deva"
        ],
        "mteb_version": "2.18.3"
      },
      {
        "ndcg_at_1": 0.64,
        "ndcg_at_3": 0.54686,
        "ndcg_at_10": 0.61542,
        "ndcg_at_50": 0.6528,
        "map_at_1": 0.32,
        "map_at_3": 0.47667,
        "map_at_10": 0.52463,
        "map_at_50": 0.53543,
        "recall_at_1": 0.32,
        "recall_at_3": 0.53,
        "recall_at_10": 0.68,
        "recall_at_50": 0.82,
        "mrr_at_1": 0.64,
        "mrr_at_3": 0.713333,
        "mrr_at_10": 0.728889,
        "mrr_at_50": 0.732736,
        "hit_rate_at_1": 0.64,
        "hit_rate_at_3": 0.8,
        "hit_rate_at_10": 0.88,
        "hit_rate_at_50": 0.96,
        "main_score": 0.61542,
        "hf_subset": "hotpotqa",
        "languages": [
          "nep-Deva"
        ],
        "mteb_version": "2.18.3"
      },
      {
        "ndcg_at_1": 0.36,
        "ndcg_at_3": 0.46571,
        "ndcg_at_10": 0.53006,
        "ndcg_at_50": 0.56442,
        "map_at_1": 0.36,
        "map_at_3": 0.44,
        "map_at_10": 0.4706,
        "map_at_50": 0.4775,
        "recall_at_1": 0.36,
        "recall_at_3": 0.54,
        "recall_at_10": 0.72,
        "recall_at_50": 0.88,
        "mrr_at_1": 0.36,
        "mrr_at_3": 0.44,
        "mrr_at_10": 0.470603,
        "mrr_at_50": 0.477502,
        "hit_rate_at_1": 0.36,
        "hit_rate_at_3": 0.54,
        "hit_rate_at_10": 0.72,
        "hit_rate_at_50": 0.88,
        "main_score": 0.53006,
        "hf_subset": "msmarco",
        "languages": [
          "nep-Deva"
        ],
        "mteb_version": "2.18.3"
      },
      {
        "ndcg_at_1": 0.32,
        "ndcg_at_3": 0.26,
        "ndcg_at_10": 0.21273,
        "ndcg_at_50": 0.16537,
        "map_at_1": 0.00882,
        "map_at_3": 0.01969,
        "map_at_10": 0.04346,
        "map_at_50": 0.05779,
        "recall_at_1": 0.00882,
        "recall_at_3": 0.02096,
        "recall_at_10": 0.06695,
        "recall_at_50": 0.16907,
        "mrr_at_1": 0.32,
        "mrr_at_3": 0.36,
        "mrr_at_10": 0.378048,
        "mrr_at_50": 0.389168,
        "hit_rate_at_1": 0.32,
        "hit_rate_at_3": 0.4,
        "hit_rate_at_10": 0.5,
        "hit_rate_at_50": 0.74,
        "main_score": 0.21273,
        "hf_subset": "nfcorpus",
        "languages": [
          "nep-Deva"
        ],
        "mteb_version": "2.18.3"
      },
      {
        "ndcg_at_1": 0.28,
        "ndcg_at_3": 0.3175,
        "ndcg_at_10": 0.36923,
        "ndcg_at_50": 0.42067,
        "map_at_1": 0.26,
        "map_at_3": 0.29833,
        "map_at_10": 0.32388,
        "map_at_50": 0.33527,
        "recall_at_1": 0.26,
        "recall_at_3": 0.35,
        "recall_at_10": 0.49,
        "recall_at_50": 0.71,
        "mrr_at_1": 0.28,
        "mrr_at_3": 0.323333,
        "mrr_at_10": 0.348881,
        "mrr_at_50": 0.360075,
        "hit_rate_at_1": 0.28,
        "hit_rate_at_3": 0.38,
        "hit_rate_at_10": 0.52,
        "hit_rate_at_50": 0.76,
        "main_score": 0.36923,
        "hf_subset": "nq",
        "languages": [
          "nep-Deva"
        ],
        "mteb_version": "2.18.3"
      },
      {
        "ndcg_at_1": 0.78,
        "ndcg_at_3": 0.81486,
        "ndcg_at_10": 0.85146,
        "ndcg_at_50": 0.86904,
        "map_at_1": 0.694,
        "map_at_3": 0.77856,
        "map_at_10": 0.81335,
        "map_at_50": 0.81864,
        "recall_at_1": 0.694,
        "recall_at_3": 0.828,
        "recall_at_10": 0.93,
        "recall_at_50": 1.0,
        "mrr_at_1": 0.78,
        "mrr_at_3": 0.833333,
        "mrr_at_10": 0.839833,
        "mrr_at_50": 0.843477,
        "hit_rate_at_1": 0.78,
        "hit_rate_at_3": 0.9,
        "hit_rate_at_10": 0.94,
        "hit_rate_at_50": 1.0,
        "main_score": 0.85146,
        "hf_subset": "quoraretrieval",
        "languages": [
          "nep-Deva"
        ],
        "mteb_version": "2.18.3"
      },
      {
        "ndcg_at_1": 0.18,
        "ndcg_at_3": 0.13631,
        "ndcg_at_10": 0.12454,
        "ndcg_at_50": 0.13838,
        "map_at_1": 0.037,