{
  "dataset_revision": "dbe0a6befdfce448982392bd461ac5d16485e99e",
  "task_name": "NanoBEIRNepaliRetrieval.v5",
  "mteb_version": "2.18.3",
  "scores": {
    "test": [
      {
        "ndcg_at_1": 0.14,
        "ndcg_at_3": 0.3288,
        "ndcg_at_10": 0.4272,
        "map_at_1": 0.14,
        "map_at_3": 0.28333,
        "map_at_10": 0.32901,
        "recall_at_1": 0.14,
        "recall_at_3": 0.46,
        "recall_at_10": 0.74,
        "mrr_at_1": 0.14,
        "mrr_at_3": 0.28,
        "mrr_at_10": 0.330897,
        "hit_rate_at_1": 0.14,
        "hit_rate_at_3": 0.46,
        "hit_rate_at_10": 0.74,
        "main_score": 0.4272,
        "hf_subset": "arguana",
        "languages": [
          "nep-Deva"
        ],
        "mteb_version": "2.18.3"
      },
      {
        "ndcg_at_1": 0.12,
        "ndcg_at_3": 0.13325,
        "ndcg_at_10": 0.1754,
        "map_at_1": 0.07833,
        "map_at_3": 0.1025,
        "map_at_10": 0.12063,
        "recall_at_1": 0.07833,
        "recall_at_3": 0.14,
        "recall_at_10": 0.234,
        "mrr_at_1": 0.12,
        "mrr_at_3": 0.176667,
        "mrr_at_10": 0.212722,
        "hit_rate_at_1": 0.12,
        "hit_rate_at_3": 0.26,
        "hit_rate_at_10": 0.46,
        "main_score": 0.1754,
        "hf_subset": "climatefever",
        "languages": [
          "nep-Deva"
        ],
        "mteb_version": "2.18.3"
      },
      {
        "ndcg_at_1": 0.54,
        "ndcg_at_3": 0.50187,
        "ndcg_at_10": 0.45886,
        "map_at_1": 0.0817,
        "map_at_3": 0.12707,
        "map_at_10": 0.19221,
        "recall_at_1": 0.0817,
        "recall_at_3": 0.14085,
        "recall_at_10": 0.25408,
        "mrr_at_1": 0.54,
        "mrr_at_3": 0.64,
        "mrr_at_10": 0.654048,
        "hit_rate_at_1": 0.54,
        "hit_rate_at_3": 0.76,
        "hit_rate_at_10": 0.84,
        "main_score": 0.45886,
        "hf_subset": "dbpedia",
        "languages": [
          "nep-Deva"
        ],
        "mteb_version": "2.18.3"
      },
      {
        "ndcg_at_1": 0.36,
        "ndcg_at_3": 0.45373,
        "ndcg_at_10": 0.53084,
        "map_at_1": 0.34667,
        "map_at_3": 0.42167,
        "map_at_10": 0.46174,
        "recall_at_1": 0.34667,
        "recall_at_3": 0.52667,
        "recall_at_10": 0.72667,
        "mrr_at_1": 0.36,
        "mrr_at_3": 0.443333,
        "mrr_at_10": 0.481405,
        "hit_rate_at_1": 0.36,
        "hit_rate_at_3": 0.56,
        "hit_rate_at_10": 0.76,
        "main_score": 0.53084,
        "hf_subset": "fever",
        "languages": [
          "nep-Deva"
        ],
        "mteb_version": "2.18.3"
      },
      {
        "ndcg_at_1": 0.28,
        "ndcg_at_3": 0.2306,
        "ndcg_at_10": 0.25818,
        "map_at_1": 0.13839,
        "map_at_3": 0.17339,
        "map_at_10": 0.19991,
        "recall_at_1": 0.13839,
        "recall_at_3": 0.20756,
        "recall_at_10": 0.30891,
        "mrr_at_1": 0.28,
        "mrr_at_3": 0.316667,
        "mrr_at_10": 0.338246,
        "hit_rate_at_1": 0.28,
        "hit_rate_at_3": 0.36,
        "hit_rate_at_10": 0.48,
        "main_score": 0.25818,
        "hf_subset": "fiqa2018",
        "languages": [
          "nep-Deva"
        ],
        "mteb_version": "2.18.3"
      },
      {
        "ndcg_at_1": 0.64,
        "ndcg_at_3": 0.54526,
        "ndcg_at_10": 0.61428,
        "map_at_1": 0.32,
        "map_at_3": 0.47333,
        "map_at_10": 0.52192,
        "recall_at_1": 0.32,
        "recall_at_3": 0.53,
        "recall_at_10": 0.68,
        "mrr_at_1": 0.64,
        "mrr_at_3": 0.713333,
        "mrr_at_10": 0.729167,
        "hit_rate_at_1": 0.64,
        "hit_rate_at_3": 0.8,
        "hit_rate_at_10": 0.88,
        "main_score": 0.61428,
        "hf_subset": "hotpotqa",
        "languages": [
          "nep-Deva"
        ],
        "mteb_version": "2.18.3"
      },
      {
        "ndcg_at_1": 0.34,
        "ndcg_at_3": 0.45833,
        "ndcg_at_10": 0.5218,
        "map_at_1": 0.34,
        "map_at_3": 0.43,
        "map_at_10": 0.4596,
        "recall_at_1": 0.34,
        "recall_at_3": 0.54,
        "recall_at_10": 0.72,
        "mrr_at_1": 0.34,
        "mrr_at_3": 0.43,
        "mrr_at_10": 0.459603,
        "hit_rate_at_1": 0.34,
        "hit_rate_at_3": 0.54,
        "hit_rate_at_10": 0.72,
        "main_score": 0.5218,
        "hf_subset": "msmarco",
        "languages": [
          "nep-Deva"
        ],
        "mteb_version": "2.18.3"
      },
      {
        "ndcg_at_1": 0.32,
        "ndcg_at_3": 0.26,
        "ndcg_at_10": 0.21259,
        "map_at_1": 0.00882,
        "map_at_3": 0.01969,
        "map_at_10": 0.04336,
        "recall_at_1": 0.00882,
        "recall_at_3": 0.02096,
        "recall_at_10": 0.0676,
        "mrr_at_1": 0.32,
        "mrr_at_3": 0.36,
        "mrr_at_10": 0.380524,
        "hit_rate_at_1": 0.32,
        "hit_rate_at_3": 0.4,
        "hit_rate_at_10": 0.52,
        "main_score": 0.21259,
        "hf_subset": "nfcorpus",
        "languages": [
          "nep-Deva"
        ],
        "mteb_version": "2.18.3"
      },
      {
        "ndcg_at_1": 0.28,
        "ndcg_at_3": 0.3175,
        "ndcg_at_10": 0.36807,
        "map_at_1": 0.26,
        "map_at_3": 0.29833,
        "map_at_10": 0.3226,
        "recall_at_1": 0.26,
        "recall_at_3": 0.35,
        "recall_at_10": 0.49,
        "mrr_at_1": 0.28,
        "mrr_at_3": 0.323333,
        "mrr_at_10": 0.347603,
        "hit_rate_at_1": 0.28,
        "hit_rate_at_3": 0.38,
        "hit_rate_at_10": 0.52,
        "main_score": 0.36807,
        "hf_subset": "nq",
        "languages": [
          "nep-Deva"
        ],
        "mteb_version": "2.18.3"
      },
      {
        "ndcg_at_1": 0.78,
        "ndcg_at_3": 0.81486,
        "ndcg_at_10": 0.85118,
        "map_at_1": 0.694,
        "map_at_3": 0.77856,
        "map_at_10": 0.81308,
        "recall_at_1": 0.694,
        "recall_at_3": 0.828,
        "recall_at_10": 0.93,
        "mrr_at_1": 0.78,
        "mrr_at_3": 0.833333,
        "mrr_at_10": 0.839556,
        "hit_rate_at_1": 0.78,
        "hit_rate_at_3": 0.9,
        "hit_rate_at_10": 0.94,
        "main_score": 0.85118,
        "hf_subset": "quoraretrieval",
        "languages": [
          "nep-Deva"
        ],
        "mteb_version": "2.18.3"
      },
      {
        "ndcg_at_1": 0.18,
        "ndcg_at_3": 0.13754,
        "ndcg_at_10": 0.12808,
        "map_at_1": 0.037,
        "map_at_3": 0.06233,
        "map_at_10": 0.07283,
        "recall_at_1": 0.037,
        "recall_at_3": 0.079,
        "recall_at_10": 0.123,
        "mrr_at_1": 0.18,
        "mrr_at_3": 0.226667,
        "mrr_at_10": 0.245825,
        "hit_rate_at_1": 0.18,
        "hit_rate_at_3": 0.3,
        "hit_rate_at_10": 0.44,
        "main_score": 0.12808,
        "hf_subset": "scidocs",
        "languages": [
          "nep-Deva"
        ],
        "mteb_version": "2.18.3"
      },
      {
        "ndcg_at_1": 0.36,
        "ndcg_at_3": 0.41318,
        "ndcg_at_10": 0.46599,
        "map_at_1": 0.345,
        "map_at_3": 0.39,
        "map_at_10": 0.41756,
        "recall_at_1": 0.345,
        "recall_at_3": 0.45,
        "recall_at_10": 0.6,
        "mrr_at_1": 0.36,
        "mrr_at_3": 0.41,
        "mrr_at_10": 0.435556,
        "hit_rate_at_1": 0.36,
        "hit_rate_at_3": 0.48,
        "hit_rate_at_10": 0.62,
        "main_score": 0.46599,
        "hf_subset": "scifact",
        "languages": [
          "nep-Deva"
        ],
        "mteb_version": "2.18.3"
      },
      {
        "ndcg_at_1": 0.57143,
        "ndcg_at_3": 0.51374,
        "ndcg_at_10": 0.4165,
        "map_at_1": 0.04065,
        "map_at_3": 0.09424,
        "map_at_10": 0.17568,
        "recall_at_1": 0.04065,
        "recall_at_3": 0.10551,
        "recall_at_10": 0.23581,
        "mrr_at_1": 0.571429,
        "mrr_at_3": 0.666667,
        "mrr_at_10": 0.689456,
        "hit_rate_at_1": 0.57143,
        "hit_rate_at_3": 0.77551,
        "hit_rate_at_10": 0.91837,