{
  "dataset_revision": "7e53250964a040dbad2aa11d95855548a7c6717e",
  "task_name": "SanoIRGeneralRetrieval.v2",
  "mteb_version": "2.18.3",
  "scores": {
    "test": [
      {
        "ndcg_at_1": 0.0,
        "ndcg_at_3": 0.12581,
        "ndcg_at_10": 0.18846,
        "ndcg_at_50": 0.28235,
        "map_at_1": 0.0,
        "map_at_3": 0.0947,
        "map_at_10": 0.1231,
        "map_at_50": 0.14226,
        "recall_at_1": 0.0,
        "recall_at_3": 0.21591,
        "recall_at_10": 0.39773,
        "recall_at_50": 0.82955,
        "mrr_at_1": 0.0,
        "mrr_at_3": 0.094697,
        "mrr_at_10": 0.123102,
        "mrr_at_50": 0.142262,
        "hit_rate_at_1": 0.0,
        "hit_rate_at_3": 0.21591,
        "hit_rate_at_10": 0.39773,
        "hit_rate_at_50": 0.82955,
        "main_score": 0.18846,
        "hf_subset": "agriculture",
        "languages": [
          "nep-Deva",
          "nep-Latn",
          "eng-Latn"
        ],
        "mteb_version": "2.18.3"
      },
      {
        "ndcg_at_1": 0.0,
        "ndcg_at_3": 0.18089,
        "ndcg_at_10": 0.3121,
        "ndcg_at_50": 0.37413,
        "map_at_1": 0.0,
        "map_at_3": 0.13415,
        "map_at_10": 0.19693,
        "map_at_50": 0.21456,
        "recall_at_1": 0.0,
        "recall_at_3": 0.31707,
        "recall_at_10": 0.68293,
        "recall_at_50": 0.92683,
        "mrr_at_1": 0.0,
        "mrr_at_3": 0.134146,
        "mrr_at_10": 0.196932,
        "mrr_at_50": 0.214559,
        "hit_rate_at_1": 0.0,
        "hit_rate_at_3": 0.31707,
        "hit_rate_at_10": 0.68293,
        "hit_rate_at_50": 0.92683,
        "main_score": 0.3121,
        "hf_subset": "climate-and-environment",
        "languages": [
          "nep-Deva",
          "nep-Latn",
          "eng-Latn"
        ],
        "mteb_version": "2.18.3"
      },
      {
        "ndcg_at_1": 0.0137,
        "ndcg_at_3": 0.32599,
        "ndcg_at_10": 0.42343,
        "ndcg_at_50": 0.45787,
        "map_at_1": 0.0137,
        "map_at_3": 0.25342,
        "map_at_10": 0.29955,
        "map_at_50": 0.30752,
        "recall_at_1": 0.0137,
        "recall_at_3": 0.53425,
        "recall_at_10": 0.80822,
        "recall_at_50": 0.9589,
        "mrr_at_1": 0.013699,
        "mrr_at_3": 0.253425,
        "mrr_at_10": 0.299554,
        "mrr_at_50": 0.307518,
        "hit_rate_at_1": 0.0137,
        "hit_rate_at_3": 0.53425,
        "hit_rate_at_10": 0.80822,
        "hit_rate_at_50": 0.9589,
        "main_score": 0.42343,
        "hf_subset": "community-discussion",
        "languages": [
          "nep-Deva",
          "nep-Latn",
          "eng-Latn"
        ],
        "mteb_version": "2.18.3"
      },
      {
        "ndcg_at_1": 0.0,
        "ndcg_at_3": 0.18095,
        "ndcg_at_10": 0.31748,
        "ndcg_at_50": 0.37241,
        "map_at_1": 0.0,
        "map_at_3": 0.13333,
        "map_at_10": 0.19866,
        "map_at_50": 0.21134,
        "recall_at_1": 0.0,
        "recall_at_3": 0.32,
        "recall_at_10": 0.7,
        "recall_at_50": 0.94,
        "mrr_at_1": 0.0,
        "mrr_at_3": 0.133333,
        "mrr_at_10": 0.198659,
        "mrr_at_50": 0.211338,
        "hit_rate_at_1": 0.0,
        "hit_rate_at_3": 0.32,
        "hit_rate_at_10": 0.7,
        "hit_rate_at_50": 0.94,
        "main_score": 0.31748,
        "hf_subset": "education",
        "languages": [
          "nep-Deva",
          "nep-Latn",
          "eng-Latn"
        ],
        "mteb_version": "2.18.3"
      },
      {
        "ndcg_at_1": 0.0,
        "ndcg_at_3": 0.25514,
        "ndcg_at_10": 0.3338,
        "ndcg_at_50": 0.41373,
        "map_at_1": 0.0,
        "map_at_3": 0.19369,
        "map_at_10": 0.23186,
        "map_at_50": 0.25014,
        "recall_at_1": 0.0,
        "recall_at_3": 0.43243,
        "recall_at_10": 0.64865,
        "recall_at_50": 1.0,
        "mrr_at_1": 0.0,
        "mrr_at_3": 0.193694,
        "mrr_at_10": 0.231864,
        "mrr_at_50": 0.250144,
        "hit_rate_at_1": 0.0,
        "hit_rate_at_3": 0.43243,
        "hit_rate_at_10": 0.64865,
        "hit_rate_at_50": 1.0,
        "main_score": 0.3338,
        "hf_subset": "energy-and-infrastructure",
        "languages": [
          "nep-Deva",
          "nep-Latn",
          "eng-Latn"
        ],
        "mteb_version": "2.18.3"
      },
      {
        "ndcg_at_1": 0.0,
        "ndcg_at_3": 0.25865,
        "ndcg_at_10": 0.31809,
        "ndcg_at_50": 0.40199,
        "map_at_1": 0.0,
        "map_at_3": 0.19697,
        "map_at_10": 0.22586,
        "map_at_50": 0.24366,
        "recall_at_1": 0.0,
        "recall_at_3": 0.43636,
        "recall_at_10": 0.6,
        "recall_at_50": 0.98182,
        "mrr_at_1": 0.0,
        "mrr_at_3": 0.19697,
        "mrr_at_10": 0.225859,
        "mrr_at_50": 0.243657,
        "hit_rate_at_1": 0.0,
        "hit_rate_at_3": 0.43636,
        "hit_rate_at_10": 0.6,
        "hit_rate_at_50": 0.98182,
        "main_score": 0.31809,
        "hf_subset": "health-and-nutrition",
        "languages": [
          "nep-Deva",
          "nep-Latn",
          "eng-Latn"
        ],
        "mteb_version": "2.18.3"
      },
      {
        "ndcg_at_1": 0.0,
        "ndcg_at_3": 0.34238,
        "ndcg_at_10": 0.45346,
        "ndcg_at_50": 0.47414,
        "map_at_1": 0.0,
        "map_at_3": 0.26449,
        "map_at_10": 0.31859,
        "map_at_50": 0.32363,
        "recall_at_1": 0.0,
        "recall_at_3": 0.56522,
        "recall_at_10": 0.86957,
        "recall_at_50": 0.95652,
        "mrr_at_1": 0.0,
        "mrr_at_3": 0.264493,
        "mrr_at_10": 0.31859,
        "mrr_at_50": 0.323633,
        "hit_rate_at_1": 0.0,
        "hit_rate_at_3": 0.56522,
        "hit_rate_at_10": 0.86957,
        "hit_rate_at_50": 0.95652,
        "main_score": 0.45346,
        "hf_subset": "history-and-culture",
        "languages": [
          "nep-Deva",
          "nep-Latn",
          "eng-Latn"
        ],
        "mteb_version": "2.18.3"
      },
      {
        "ndcg_at_1": 0.0,
        "ndcg_at_3": 0.43143,
        "ndcg_at_10": 0.50548,
        "ndcg_at_50": 0.5184,
        "map_at_1": 0.0,
        "map_at_3": 0.33025,
        "map_at_10": 0.37022,
        "map_at_50": 0.3733,
        "recall_at_1": 0.0,
        "recall_at_3": 0.72222,
        "recall_at_10": 0.90741,
        "recall_at_50": 0.96296,
        "mrr_at_1": 0.0,
        "mrr_at_3": 0.330247,
        "mrr_at_10": 0.370216,
        "mrr_at_50": 0.373298,
        "hit_rate_at_1": 0.0,
        "hit_rate_at_3": 0.72222,
        "hit_rate_at_10": 0.90741,
        "hit_rate_at_50": 0.96296,
        "main_score": 0.50548,
        "hf_subset": "law-and-policy",
        "languages": [
          "nep-Deva",
          "nep-Latn",
          "eng-Latn"
        ],
        "mteb_version": "2.18.3"
      },
      {
        "ndcg_at_1": 0.01124,
        "ndcg_at_3": 0.15543,
        "ndcg_at_10": 0.24884,
        "ndcg_at_50": 0.31271,
        "map_at_1": 0.01124,
        "map_at_3": 0.11985,
        "map_at_10": 0.16243,
        "map_at_50": 0.17595,
        "recall_at_1": 0.01124,
        "recall_at_3": 0.25843,
        "recall_at_10": 0.52809,
        "recall_at_50": 0.82022,
        "mrr_at_1": 0.011236,
        "mrr_at_3": 0.11985,
        "mrr_at_10": 0.162426,
        "mrr_at_50": 0.175945,
        "hit_rate_at_1": 0.01124,
        "hit_rate_at_3": 0.25843,
        "hit_rate_at_10": 0.52809,
        "hit_rate_at_50": 0.82022,
        "main_score": 0.24884,
        "hf_subset": "nepal-civic-services",
        "languages": [
          "nep-Deva",
          "nep-Latn",
          "eng-Latn"
        ],
        "mteb_version": "2.18.3"
      },
      {
        "ndcg_at_1": 0.02041,
        "ndcg_at_3": 0.2721,
        "ndcg_at_10": 0.3365,
        "ndcg_at_50": 0.41016,
        "map_at_1": 0.02041,
        "map_at_3": 0.21088,
        "map_at_10": 0.24082,
        "map_at_50": 0.25728,
        "recall_at_1": 0.02041,
        "recall_at_3": 0.44898,
        "recall_at_10": 0.63265,